date,volcano,product,value,baseline,zscore,severity,detected_at
2021-08-09T18:42:12,Copahue,so2,4722.6,0.1,9445.0,red,2026-05-10T07:50:57.786570+00:00
2024-10-17T17:58:10,Copahue,so2,2937.7,0.1,5875.2,red,2026-05-10T07:50:57.786570+00:00
2024-10-19T19:03:10,Copahue,so2,2632.7,0.1,5265.2,red,2026-05-10T07:50:57.786570+00:00
2024-10-16T18:18:10,Copahue,so2,2341.9,0.1,4683.6,red,2026-05-10T07:50:57.786570+00:00
2025-10-26T17:51:54,Planchon-Peteroa,so2,1969.8,0.1,3939.4,red,2026-05-10T07:50:57.786570+00:00
2024-10-18T19:23:10,Copahue,so2,1786.3,0.1,3572.4,red,2026-05-10T07:50:57.786570+00:00
2025-02-25T18:46:13,Lascar,so2,1442.2,0.1,2884.2000000000003,red,2026-05-10T07:50:57.786570+00:00
2025-11-06T17:46:55,Planchon-Peteroa,so2,1437.4,0.1,2874.6000000000004,red,2026-05-10T07:50:57.786570+00:00
2025-02-17T17:56:13,Lascar,so2,1235.5,0.1,2470.8,red,2026-05-10T07:50:57.786570+00:00
2025-02-20T18:41:13,Lascar,so2,1190.8,0.1,2381.4,red,2026-05-10T07:50:57.786570+00:00
2025-02-21T18:21:13,Lascar,so2,1180.5,0.1,2360.8,red,2026-05-10T07:50:57.786570+00:00
2025-02-12T17:51:14,Lascar,so2,1091.4,0.1,2182.6000000000004,red,2026-05-10T07:50:57.786570+00:00
2025-03-04T18:16:13,Lascar,so2,935.7,0.1,1871.2,red,2026-05-10T07:50:57.786570+00:00
2025-02-19T19:01:14,Lascar,so2,925.9,0.1,1851.6,red,2026-05-10T07:50:57.786570+00:00
2022-12-10T18:00:54,Lascar,so2,909.8,0.1,1819.3999999999999,red,2026-05-10T07:50:57.786570+00:00
2025-02-26T18:31:13,Lascar,so2,907.6,0.1,1815.0,red,2026-05-10T07:50:57.786570+00:00
2025-03-05T17:56:13,Lascar,so2,896.3,0.1,1792.3999999999999,red,2026-05-10T07:50:57.786570+00:00
2024-10-18T17:43:10,Copahue,so2,878.7,0.1,1757.2,red,2026-05-10T07:50:57.786570+00:00
2024-10-15T18:38:10,Copahue,so2,819.4,0.1,1638.6,red,2026-05-10T07:50:57.786570+00:00
2024-10-15T18:38:10,Llaima,so2,819.4,0.1,1638.6,red,2026-05-10T07:50:57.786570+00:00
2025-03-03T18:36:13,Lascar,so2,785.4,0.1,1570.6,red,2026-05-10T07:50:57.786570+00:00
2025-02-11T18:11:14,Lascar,so2,752.0,0.1,1503.8,red,2026-05-10T07:50:57.786570+00:00
2025-02-16T18:16:14,Lascar,so2,728.1,0.1,1456.0,red,2026-05-10T07:50:57.786570+00:00
2022-01-21T18:54:52,Lascar,so2,703.7,0.1,1407.2,red,2026-05-10T07:50:57.786570+00:00
2021-08-10T18:25:54,Nevados de Chillan,so2,669.0,0.1,1337.8,red,2026-05-10T07:50:57.786570+00:00
2021-08-10T18:25:54,Copahue,so2,661.9,0.1,1323.6,red,2026-05-10T07:50:57.786570+00:00
2022-01-24T17:59:52,Lascar,so2,651.9,0.1,1303.6,red,2026-05-10T07:50:57.786570+00:00
2025-02-24T19:06:13,Lascar,so2,634.7,0.1,1269.2,red,2026-05-10T07:50:57.786570+00:00
2025-03-06T17:36:13,Lascar,so2,620.8,0.1,1241.3999999999999,red,2026-05-10T07:50:57.786570+00:00
2025-02-23T17:46:14,Lascar,so2,613.3,0.1,1226.3999999999999,red,2026-05-10T07:50:57.786570+00:00
2025-03-08T18:41:14,Lascar,so2,611.7,0.1,1223.2,red,2026-05-10T07:50:57.786570+00:00
2025-02-22T18:06:14,Lascar,so2,589.4,0.1,1178.6,red,2026-05-10T07:50:57.786570+00:00
2026-02-08T18:29:59,Lascar,so2,574.9,0.1,1149.6,red,2026-05-10T07:50:57.786570+00:00
2025-02-14T18:56:13,Lascar,so2,560.4,0.1,1120.6,red,2026-05-10T07:50:57.786570+00:00
2025-02-28T17:51:14,Lascar,so2,493.3,0.1,986.4,red,2026-05-10T07:50:57.786570+00:00
2025-03-10T18:01:13,Lascar,so2,484.3,0.1,968.4,red,2026-05-10T07:50:57.786570+00:00
2025-02-18T17:41:13,Lascar,so2,470.0,0.1,939.8,red,2026-05-10T07:50:57.786570+00:00
2020-10-15T18:29:32,Copahue,so2,464.0,0.1,927.8,red,2026-05-10T07:50:57.786570+00:00
2022-01-23T18:14:52,Lascar,so2,454.6,0.1,909.0,red,2026-05-10T07:50:57.786570+00:00
2025-02-27T18:11:13,Lascar,so2,454.4,0.1,908.5999999999999,red,2026-05-10T07:50:57.786570+00:00
2024-10-17T19:38:11,Copahue,so2,442.2,0.1,884.1999999999999,red,2026-05-10T07:50:57.786570+00:00
2025-02-24T17:26:13,Lascar,so2,433.5,0.1,866.8,red,2026-05-10T07:50:57.786570+00:00
2022-01-22T18:34:53,Lascar,so2,428.5,0.1,856.8,red,2026-05-10T07:50:57.786570+00:00
2025-02-15T18:36:13,Lascar,so2,401.9,0.1,803.5999999999999,red,2026-05-10T07:50:57.786570+00:00
2022-01-25T17:39:53,Lascar,so2,399.5,0.1,798.8,red,2026-05-10T07:50:57.786570+00:00
2022-01-14T17:46:04,Lascar,so2,396.3,0.1,792.4,red,2026-05-10T07:50:57.786570+00:00
2025-03-01T17:31:14,Lascar,so2,371.1,0.1,742.0,red,2026-05-10T07:50:57.786570+00:00
2025-07-07T17:36:39,Lascar,so2,363.1,0.1,726.0,red,2026-05-10T07:50:57.786570+00:00
2025-03-15T18:11:13,Lascar,so2,359.8,0.1,719.4,red,2026-05-10T07:50:57.786570+00:00
2022-01-27T18:43:57,Lascar,so2,359.3,0.1,718.4,red,2026-05-10T07:50:57.786570+00:00
2025-02-10T18:31:13,Lascar,so2,331.8,0.1,663.4,red,2026-05-10T07:50:57.786570+00:00
2025-03-12T17:26:13,Lascar,so2,319.5,0.1,638.8,red,2026-05-10T07:50:57.786570+00:00
2023-12-18T17:57:51,Villarrica,so2,318.3,0.1,636.4,red,2026-05-10T07:50:57.786570+00:00
2022-01-29T18:02:13,Lascar,so2,317.2,0.1,634.1999999999999,red,2026-05-10T07:50:57.786570+00:00
2025-02-13T17:31:13,Lascar,so2,304.9,0.1,609.5999999999999,red,2026-05-10T07:50:57.786570+00:00
2022-01-26T18:59:52,Lascar,so2,303.8,0.1,607.4,red,2026-05-10T07:50:57.786570+00:00
2021-08-23T17:41:29,Copahue,so2,302.6,0.1,605.0,red,2026-05-10T07:50:57.786570+00:00
2022-01-28T18:22:13,Lascar,so2,293.2,0.1,586.1999999999999,red,2026-05-10T07:50:57.786570+00:00
2025-11-07T19:06:55,Planchon-Peteroa,so2,293.2,0.1,586.1999999999999,red,2026-05-10T07:50:57.786570+00:00
2026-02-09T18:09:59,Lascar,so2,291.3,0.1,582.4,red,2026-05-10T07:50:57.786570+00:00
2025-03-19T18:36:59,Lascar,so2,288.1,0.1,576.0,red,2026-05-10T07:50:57.786570+00:00
2025-03-02T18:51:14,Lascar,so2,286.0,0.1,571.8,red,2026-05-10T07:50:57.786570+00:00
2025-03-29T18:46:30,Lascar,so2,286.0,0.1,571.8,red,2026-05-10T07:50:57.786570+00:00
2022-11-15T19:02:49,Copahue,so2,282.3,0.1,564.4,red,2026-05-10T07:50:57.786570+00:00
2025-03-16T17:51:14,Lascar,so2,279.6,0.1,559.0,red,2026-05-10T07:50:57.786570+00:00
2023-12-26T18:47:59,Villarrica,so2,279.0,0.1,557.8,red,2026-05-10T07:50:57.786570+00:00
2022-01-17T18:30:03,Lascar,so2,273.2,0.1,546.1999999999999,red,2026-05-10T07:50:57.786570+00:00
2023-01-27T17:58:00,Lascar,so2,268.2,0.1,536.1999999999999,red,2026-05-10T07:50:57.786570+00:00
2022-02-06T18:52:14,Lascar,so2,260.9,0.1,521.5999999999999,red,2026-05-10T07:50:57.786570+00:00
2025-10-08T18:27:52,Planchon-Peteroa,so2,250.7,0.1,501.2,red,2026-05-10T07:50:57.786570+00:00
2022-02-04T17:52:13,Lascar,so2,246.0,0.1,491.8,red,2026-05-10T07:50:57.786570+00:00
2025-03-20T18:17:00,Lascar,so2,235.4,0.1,470.6,red,2026-05-10T07:50:57.786570+00:00
2026-02-16T17:38:09,Lascar,so2,233.9,0.1,467.6,red,2026-05-10T07:50:57.786570+00:00
2026-02-12T18:54:58,Lascar,so2,228.1,0.1,456.0,red,2026-05-10T07:50:57.786570+00:00
2024-02-08T18:22:42,Villarrica,so2,221.5,0.1,442.8,red,2026-05-10T07:50:57.786570+00:00
2025-05-13T18:06:57,Lascar,so2,218.2,0.1,436.2,red,2026-05-10T07:50:57.786570+00:00
2024-01-20T19:22:46,Villarrica,so2,216.8,0.1,433.40000000000003,red,2026-05-10T07:50:57.786570+00:00
2020-09-25T18:03:32,Villarrica,so2,213.5,0.1,426.8,red,2026-05-10T07:50:57.786570+00:00
2022-02-07T18:37:13,Lascar,so2,211.1,0.1,422.0,red,2026-05-10T07:50:57.786570+00:00
2025-07-03T18:51:40,Lascar,so2,208.2,0.1,416.2,red,2026-05-10T07:50:57.786570+00:00
2022-01-13T18:06:03,Lascar,so2,207.2,0.1,414.2,red,2026-05-10T07:50:57.786570+00:00
2025-03-28T17:26:31,Lascar,so2,206.9,0.1,413.6,red,2026-05-10T07:50:57.786570+00:00
2021-09-08T19:22:04,Copahue,so2,204.1,0.1,408.0,red,2026-05-10T07:50:57.786570+00:00
2022-02-10T17:38:10,Lascar,so2,199.9,0.1,399.6,red,2026-05-10T07:50:57.786570+00:00
2021-08-23T19:21:29,Copahue,so2,199.6,0.1,399.0,red,2026-05-10T07:50:57.786570+00:00
2025-03-11T17:46:14,Lascar,so2,196.7,0.1,393.2,red,2026-05-10T07:50:57.786570+00:00
2025-03-02T18:56:13,Lascar,so2,189.3,0.1,378.40000000000003,red,2026-05-10T07:50:57.786570+00:00
2025-02-06T18:06:13,Lascar,so2,187.6,0.1,375.0,red,2026-05-10T07:50:57.786570+00:00
2024-01-21T19:02:47,Villarrica,so2,187.5,0.1,374.8,red,2026-05-10T07:50:57.786570+00:00
2025-02-07T17:46:14,Lascar,so2,179.1,0.1,358.0,red,2026-05-10T07:50:57.786570+00:00
2024-01-16T18:57:46,Llaima,so2,178.9,0.1,357.6,red,2026-05-10T07:50:57.786570+00:00
2024-01-16T18:57:46,Villarrica,so2,178.9,0.1,357.6,red,2026-05-10T07:50:57.786570+00:00
2025-03-07T19:01:14,Lascar,so2,176.4,0.1,352.6,red,2026-05-10T07:50:57.786570+00:00
2026-05-17T17:56:04,Lascar,so2,175.3,0.1,350.40000000000003,red,2026-06-07T11:31:24.629952+00:00
2022-01-18T18:10:04,Lascar,so2,173.9,0.1,347.6,red,2026-05-10T07:50:57.786570+00:00
2022-01-16T18:50:03,Lascar,so2,171.9,0.1,343.6,red,2026-05-10T07:50:57.786570+00:00
2024-01-02T18:18:20,Villarrica,so2,171.9,0.1,343.6,red,2026-05-10T07:50:57.786570+00:00
2022-12-09T18:15:54,Lascar,so2,168.7,0.1,337.2,red,2026-05-10T07:50:57.786570+00:00
2023-11-23T19:09:30,Villarrica,so2,168.6,0.1,337.0,red,2026-05-10T07:50:57.786570+00:00
2026-03-13T18:11:22,Lascar,so2,166.6,0.1,333.0,red,2026-05-10T07:50:57.786570+00:00
2025-04-23T17:41:30,Lascar,so2,166.0,0.1,331.8,red,2026-05-10T07:50:57.786570+00:00
2025-03-22T17:40:38,Lascar,so2,165.7,0.1,331.2,red,2026-05-10T07:50:57.786570+00:00
2022-11-21T18:51:34,Copahue,so2,163.2,0.1,326.2,red,2026-05-10T07:50:57.786570+00:00
2022-11-21T18:51:34,Villarrica,so2,163.2,0.1,326.2,red,2026-05-10T07:50:57.786570+00:00
2022-01-19T17:53:24,Lascar,so2,161.1,0.1,322.0,red,2026-05-10T07:50:57.786570+00:00
2022-12-06T17:35:54,Lascar,so2,158.6,0.1,317.0,red,2026-05-10T07:50:57.786570+00:00
2024-02-19T18:17:43,Villarrica,so2,156.6,0.1,313.0,red,2026-05-10T07:50:57.786570+00:00
2022-10-24T17:39:03,Lascar,so2,156.3,0.1,312.40000000000003,red,2026-05-10T07:50:57.786570+00:00
2025-10-06T19:06:35,Planchon-Peteroa,so2,151.2,0.1,302.2,red,2026-05-10T07:50:57.786570+00:00
2022-01-12T18:21:03,Lascar,so2,149.5,0.1,298.8,red,2026-05-10T07:50:57.786570+00:00
2024-01-01T18:38:20,Villarrica,so2,143.6,0.1,287.0,red,2026-05-10T07:50:57.786570+00:00
2023-12-03T19:22:33,Llaima,so2,142.7,0.1,285.2,red,2026-05-10T07:50:57.786570+00:00
2023-12-03T19:22:33,Villarrica,so2,142.7,0.1,285.2,red,2026-05-10T07:50:57.786570+00:00
2025-03-09T18:21:13,Lascar,so2,141.9,0.1,283.6,red,2026-05-10T07:50:57.786570+00:00
2025-04-02T17:31:30,Lascar,so2,139.2,0.1,278.2,red,2026-05-10T07:50:57.786570+00:00
2025-07-04T18:31:39,Lascar,so2,138.3,0.1,276.40000000000003,red,2026-05-10T07:50:57.786570+00:00
2022-06-10T18:26:05,Lascar,so2,135.6,0.1,271.0,red,2026-05-10T07:50:57.786570+00:00
2022-02-18T18:28:09,Lascar,so2,132.5,0.1,264.8,red,2026-05-10T07:50:57.786570+00:00
2026-02-10T17:49:59,Lascar,so2,132.3,0.1,264.40000000000003,red,2026-05-10T07:50:57.786570+00:00
2024-01-10T19:08:21,Villarrica,so2,132.2,0.1,264.2,red,2026-05-10T07:50:57.786570+00:00
2022-01-11T18:41:03,Lascar,so2,131.1,0.1,262.0,red,2026-05-10T07:50:57.786570+00:00
2023-12-05T18:43:11,Copahue,so2,128.6,0.1,257.0,red,2026-05-10T07:50:57.786570+00:00
2023-12-05T18:43:11,Villarrica,so2,128.6,0.1,257.0,red,2026-05-10T07:50:57.786570+00:00
2025-04-16T18:11:31,Lascar,so2,127.4,0.1,254.60000000000002,red,2026-05-10T07:50:57.786570+00:00
2022-11-28T18:21:03,Lascar,so2,124.2,0.1,248.20000000000002,red,2026-05-10T07:50:57.786570+00:00
2025-08-13T17:43:24,Lascar,so2,121.0,0.1,241.8,red,2026-05-10T07:50:57.786570+00:00
2025-05-28T18:24:03,Lascar,so2,119.9,0.1,239.60000000000002,red,2026-05-10T07:50:57.786570+00:00
2026-02-14T18:14:59,Lascar,so2,118.6,0.1,237.0,red,2026-05-10T07:50:57.786570+00:00
2022-12-04T18:10:54,Lascar,so2,113.5,0.1,226.8,red,2026-05-10T07:50:57.786570+00:00
2026-03-01T18:34:54,Lascar,so2,112.5,0.1,224.8,red,2026-05-10T07:50:57.786570+00:00
2025-09-30T19:19:46,Planchon-Peteroa,so2,111.9,0.1,223.60000000000002,red,2026-05-10T07:50:57.786570+00:00
2025-10-03T18:23:28,Lascar,so2,111.3,0.1,222.4,red,2026-05-10T07:50:57.786570+00:00
2021-09-23T17:57:04,Copahue,so2,108.3,0.1,216.4,red,2026-05-10T07:50:57.786570+00:00
2020-11-06T18:18:34,Copahue,so2,107.5,0.1,214.8,red,2026-05-10T07:50:57.786570+00:00
2022-01-08T17:57:39,Lascar,so2,107.1,0.1,214.0,red,2026-05-10T07:50:57.786570+00:00
2026-03-04T17:39:55,Lascar,so2,106.1,0.1,212.0,red,2026-05-10T07:50:57.786570+00:00
2026-03-03T17:54:54,Lascar,so2,103.7,0.1,207.20000000000002,red,2026-05-10T07:50:57.786570+00:00
2023-10-12T18:57:03,Llaima,so2,100.0,0.1,199.8,red,2026-05-10T07:50:57.786570+00:00
2023-10-12T18:57:03,Villarrica,so2,100.0,0.1,199.8,red,2026-05-10T07:50:57.786570+00:00
2026-02-13T18:34:58,Lascar,so2,98.1,0.1,196.0,red,2026-05-10T07:50:57.786570+00:00
2025-09-24T17:54:45,Lascar,so2,97.0,0.1,193.8,red,2026-05-10T07:50:57.786570+00:00
2025-03-31T18:11:30,Lascar,so2,93.8,0.1,187.4,red,2026-05-10T07:50:57.786570+00:00
2022-12-13T18:44:26,Lascar,so2,91.9,0.1,183.60000000000002,red,2026-05-10T07:50:57.786570+00:00
2023-01-28T19:18:01,Villarrica,so2,91.1,0.1,182.0,red,2026-05-10T07:50:57.786570+00:00
2022-02-01T18:47:14,Lascar,so2,90.4,0.1,180.60000000000002,red,2026-05-10T07:50:57.786570+00:00
2022-12-21T17:53:59,Lascar,so2,89.9,0.1,179.60000000000002,red,2026-05-10T07:50:57.786570+00:00
2022-12-08T18:35:54,Lascar,so2,89.1,0.1,178.0,red,2026-05-10T07:50:57.786570+00:00
2025-04-07T17:36:31,Lascar,so2,89.1,0.1,178.0,red,2026-05-10T07:50:57.786570+00:00
2025-02-09T18:46:13,Lascar,so2,86.3,0.1,172.4,red,2026-05-10T07:50:57.786570+00:00
2023-12-25T19:07:58,Villarrica,so2,86.3,0.1,172.4,red,2026-05-10T07:50:57.786570+00:00
2023-10-25T14:37:41,Villarrica,swir,86.0,0.1,171.8,red,2026-05-10T07:50:57.786570+00:00
2023-10-24T18:32:02,Villarrica,so2,83.5,0.1,166.8,red,2026-05-10T07:50:57.786570+00:00
2022-12-19T18:28:59,Lascar,so2,83.1,0.1,166.0,red,2026-05-10T07:50:57.786570+00:00
2025-08-04T18:48:23,Lascar,so2,81.6,0.1,163.0,red,2026-05-10T07:50:57.786570+00:00
2022-03-05T18:46:51,Lascar,so2,79.5,0.1,158.8,red,2026-05-10T07:50:57.786570+00:00
2022-09-07T14:27:21,Nevados de Chillan,swir,79.0,0.1,157.8,red,2026-05-10T07:50:57.786570+00:00
2023-11-04T14:37:41,Villarrica,swir,79.0,0.1,157.8,red,2026-05-10T07:50:57.786570+00:00
2023-11-24T14:37:41,Villarrica,swir,79.0,0.1,157.8,red,2026-05-10T07:50:57.786570+00:00
2025-08-05T18:33:23,Lascar,so2,78.3,0.1,156.4,red,2026-05-10T07:50:57.786570+00:00
2020-10-14T18:49:32,Planchon-Peteroa,so2,78.3,0.1,156.4,red,2026-05-10T07:50:57.786570+00:00
2022-12-01T19:01:04,Villarrica,so2,78.2,0.1,156.20000000000002,red,2026-05-10T07:50:57.786570+00:00
2021-08-13T19:06:29,Copahue,so2,75.8,0.1,151.4,red,2026-05-10T07:50:57.786570+00:00
2025-12-16T18:41:53,Lascar,so2,75.1,0.1,150.0,red,2026-05-10T07:50:57.786570+00:00
2023-06-24T14:27:21,Nevados de Chillan,swir,75.0,0.1,149.8,red,2026-05-10T07:50:57.786570+00:00
2026-02-19T18:24:34,Lascar,so2,74.7,0.1,149.20000000000002,red,2026-05-10T07:50:57.786570+00:00
2025-07-17T17:48:23,Lascar,so2,73.7,0.1,147.20000000000002,red,2026-05-10T07:50:57.786570+00:00
2021-10-08T18:18:30,Copahue,so2,73.1,0.1,146.0,red,2026-05-10T07:50:57.786570+00:00
2023-12-31T18:55:00,Villarrica,so2,73.1,0.1,146.0,red,2026-05-10T07:50:57.786570+00:00
2026-03-09T17:46:27,Lascar,so2,72.5,0.1,144.8,red,2026-05-10T07:50:57.786570+00:00
2021-07-11T17:52:32,Lascar,so2,71.7,0.1,143.20000000000002,red,2026-05-10T07:50:57.786570+00:00
2021-10-18T18:32:10,Copahue,so2,70.8,0.1,141.4,red,2026-05-10T07:50:57.786570+00:00
2025-04-15T18:31:30,Lascar,so2,70.2,0.1,140.20000000000002,red,2026-05-10T07:50:57.786570+00:00
2022-02-15T17:43:09,Lascar,so2,70.1,0.1,140.0,red,2026-05-10T07:50:57.786570+00:00
2022-02-05T17:32:14,Lascar,so2,67.7,0.1,135.20000000000002,red,2026-05-10T07:50:57.786570+00:00
2023-01-13T18:58:59,Villarrica,so2,67.7,0.1,135.20000000000002,red,2026-05-10T07:50:57.786570+00:00
2022-02-14T18:03:10,Lascar,so2,66.8,0.1,133.4,red,2026-05-10T07:50:57.786570+00:00
2022-02-17T18:48:10,Lascar,so2,66.3,0.1,132.4,red,2026-05-10T07:50:57.786570+00:00
2023-08-26T18:39:43,Villarrica,so2,65.4,0.1,130.60000000000002,red,2026-05-10T07:50:57.786570+00:00
2022-02-24T18:16:52,Lascar,so2,65.0,0.1,129.8,red,2026-05-10T07:50:57.786570+00:00
2023-07-04T14:27:21,Nevados de Chillan,swir,65.0,0.1,129.8,red,2026-05-10T07:50:57.786570+00:00
2023-03-26T18:09:16,Villarrica,so2,64.8,0.1,129.4,red,2026-05-10T07:50:57.786570+00:00
2020-10-30T18:48:33,Planchon-Peteroa,so2,64.7,0.1,129.20000000000002,red,2026-05-10T07:50:57.786570+00:00
2023-10-13T18:37:03,Villarrica,so2,63.8,0.1,127.39999999999999,red,2026-05-10T07:50:57.786570+00:00
2024-05-18T18:46:56,Villarrica,so2,61.9,0.1,123.6,red,2026-05-10T07:50:57.786570+00:00
2021-10-03T18:13:30,Copahue,so2,61.8,0.1,123.39999999999999,red,2026-05-10T07:50:57.786570+00:00
2026-03-14T17:51:23,Lascar,so2,60.4,0.1,120.6,red,2026-05-10T07:50:57.786570+00:00
2022-04-23T18:27:50,Lascar,so2,59.6,0.1,119.0,red,2026-05-10T07:50:57.786570+00:00
2020-01-14T17:51:02,Lascar,so2,59.2,0.1,118.2,red,2026-05-10T07:50:57.786570+00:00
2023-01-04T18:28:59,Lascar,so2,58.9,0.1,117.6,red,2026-05-10T07:50:57.786570+00:00
2023-10-22T14:27:11,Villarrica,swir,58.0,0.1,115.8,red,2026-05-10T07:50:57.786570+00:00
2021-09-07T17:57:03,Copahue,so2,57.4,0.1,114.6,red,2026-05-10T07:50:57.786570+00:00
2021-09-09T19:02:04,Copahue,so2,56.3,0.1,112.39999999999999,red,2026-05-10T07:50:57.786570+00:00
2021-08-24T19:01:29,Copahue,so2,56.2,0.1,112.2,red,2026-05-10T07:50:57.786570+00:00
2023-10-02T14:27:11,Nevados de Chillan,swir,56.0,0.1,111.8,red,2026-05-10T07:50:57.786570+00:00
2023-11-21T14:27:11,Villarrica,swir,56.0,0.1,111.8,red,2026-05-10T07:50:57.786570+00:00
2026-03-27T18:47:23,Lascar,so2,55.7,0.1,111.2,red,2026-05-10T07:50:57.786570+00:00
2025-08-03T17:28:23,Lascar,so2,55.4,0.1,110.6,red,2026-05-10T07:50:57.786570+00:00
2023-11-09T14:37:29,Villarrica,swir,55.0,0.1,109.8,red,2026-05-10T07:50:57.786570+00:00
2025-04-22T17:56:31,Lascar,so2,54.6,0.1,109.0,red,2026-05-10T07:50:57.786570+00:00
2023-03-22T19:24:17,Villarrica,so2,52.4,0.1,104.6,red,2026-05-10T07:50:57.786570+00:00
2026-04-03T18:17:23,Lascar,so2,52.1,0.1,104.0,red,2026-05-10T07:50:57.786570+00:00
2023-09-20T14:37:29,Villarrica,swir,52.0,0.1,103.8,red,2026-05-10T07:50:57.786570+00:00
2025-05-12T18:21:56,Lascar,so2,51.8,0.1,103.39999999999999,red,2026-05-10T07:50:57.786570+00:00
2023-11-08T18:50:43,Villarrica,so2,51.8,0.1,103.39999999999999,red,2026-05-10T07:50:57.786570+00:00
2022-10-23T17:59:02,Lascar,so2,51.5,0.1,102.8,red,2026-05-10T07:50:57.786570+00:00
2020-10-11T18:04:31,Copahue,so2,48.4,0.1,96.6,red,2026-05-10T07:50:57.786570+00:00
2022-12-15T18:03:59,Lascar,so2,48.0,0.1,95.8,red,2026-05-10T07:50:57.786570+00:00
2024-01-08T18:03:20,Villarrica,so2,46.9,0.1,93.6,red,2026-05-10T07:50:57.786570+00:00
2025-11-23T19:09:29,Planchon-Peteroa,so2,43.7,0.1,87.2,red,2026-05-10T07:50:57.786570+00:00
2021-04-02T19:01:03,Villarrica,so2,42.8,0.1,85.39999999999999,red,2026-05-10T07:50:57.786570+00:00
2023-12-07T18:07:51,Villarrica,so2,41.3,0.1,82.39999999999999,red,2026-05-10T07:50:57.786570+00:00
2023-10-10T14:37:29,Villarrica,swir,41.0,0.1,81.8,red,2026-05-10T07:50:57.786570+00:00
2025-09-30T17:39:45,Planchon-Peteroa,so2,40.6,0.1,81.0,red,2026-05-10T07:50:57.786570+00:00
2021-09-02T17:52:03,Copahue,so2,40.3,0.1,80.39999999999999,red,2026-05-10T07:50:57.786570+00:00
2020-10-12T19:29:31,Copahue,so2,39.9,0.1,79.6,red,2026-05-10T07:50:57.786570+00:00
2020-11-09T19:01:20,Copahue,so2,39.8,0.1,79.39999999999999,red,2026-05-10T07:50:57.786570+00:00
2023-10-15T14:37:21,Villarrica,swir,39.0,0.1,77.8,red,2026-05-10T07:50:57.786570+00:00
2020-10-15T18:29:32,Planchon-Peteroa,so2,38.6,0.1,77.0,red,2026-05-10T07:50:57.786570+00:00
2022-12-14T18:24:00,Lascar,so2,38.2,0.1,76.2,red,2026-05-10T07:50:57.786570+00:00
2023-10-20T14:37:29,Villarrica,swir,38.0,0.1,75.8,red,2026-05-10T07:50:57.786570+00:00
2023-09-25T14:37:31,Villarrica,swir,36.0,0.1,71.8,red,2026-05-10T07:50:57.786570+00:00
2026-02-21T17:44:54,Lascar,so2,35.0,0.1,69.8,red,2026-05-10T07:50:57.786570+00:00
2023-11-14T14:37:41,Villarrica,swir,35.0,0.1,69.8,red,2026-05-10T07:50:57.786570+00:00
2021-05-28T14:37:31,Planchon-Peteroa,swir,34.0,0.1,67.8,red,2026-05-10T07:50:57.786570+00:00
2021-07-02T14:37:29,Copahue,swir,34.0,0.1,67.8,red,2026-05-10T07:50:57.786570+00:00
2024-01-14T19:32:46,Villarrica,so2,33.8,0.1,67.39999999999999,red,2026-05-10T07:50:57.786570+00:00
2023-08-06T14:37:31,Villarrica,swir,33.0,0.1,65.8,red,2026-05-10T07:50:57.786570+00:00
2023-10-17T14:27:19,Villarrica,swir,33.0,0.1,65.8,red,2026-05-10T07:50:57.786570+00:00
2025-10-18T18:42:52,Lascar,so2,32.7,0.1,65.2,red,2026-05-10T07:50:57.786570+00:00
2025-10-13T18:32:53,Planchon-Peteroa,so2,32.6,0.1,65.0,red,2026-05-10T07:50:57.786570+00:00
2023-07-12T14:37:29,Villarrica,swir,31.0,0.1,61.8,red,2026-05-10T07:50:57.786570+00:00
2025-10-18T18:42:52,Planchon-Peteroa,so2,30.6,0.1,61.0,red,2026-05-10T07:50:57.786570+00:00
2020-10-09T18:44:31,Copahue,so2,30.3,0.1,60.4,red,2026-05-10T07:50:57.786570+00:00
2026-02-18T18:39:33,Lascar,so2,30.1,0.1,60.0,red,2026-05-10T07:50:57.786570+00:00
2026-05-21T18:16:04,Planchon-Peteroa,so2,30.0,0.1,59.8,red,2026-06-07T11:31:24.629952+00:00
2020-01-25T17:46:02,Lascar,so2,28.9,0.1,57.599999999999994,red,2026-05-10T07:50:57.786570+00:00
2024-06-18T14:27:21,Nevados de Chillan,swir,28.0,0.1,55.8,red,2026-05-10T07:50:57.786570+00:00
2023-01-21T18:13:00,Lascar,so2,27.8,0.1,55.4,red,2026-05-10T07:50:57.786570+00:00
2022-11-06T18:32:49,Lascar,so2,27.2,0.1,54.199999999999996,red,2026-05-10T07:50:57.786570+00:00
2026-04-04T17:56:02,Lascar,so2,27.2,0.1,54.199999999999996,red,2026-05-10T07:50:57.786570+00:00
2025-02-21T14:37:49,Lascar,swir,27.0,0.1,53.8,red,2026-05-10T07:50:57.786570+00:00
2022-12-03T18:30:54,Lascar,so2,26.7,0.1,53.199999999999996,red,2026-05-10T07:50:57.786570+00:00
2026-02-27T17:34:55,Lascar,so2,26.7,0.1,53.199999999999996,red,2026-05-10T07:50:57.786570+00:00
2021-09-26T18:44:19,Copahue,so2,26.5,0.1,52.8,red,2026-05-10T07:50:57.786570+00:00
2025-08-12T17:58:23,Lascar,so2,26.0,0.1,51.8,red,2026-05-10T07:50:57.786570+00:00
2026-03-25T17:47:23,Lascar,so2,26.0,0.1,51.8,red,2026-05-10T07:50:57.786570+00:00
2021-03-21T14:27:29,Planchon-Peteroa,swir,26.0,0.1,51.8,red,2026-05-10T07:50:57.786570+00:00
2025-10-01T18:59:45,Planchon-Peteroa,so2,26.0,0.1,51.8,red,2026-05-10T07:50:57.786570+00:00
2022-09-17T14:27:21,Nevados de Chillan,swir,26.0,0.1,51.8,red,2026-05-10T07:50:57.786570+00:00
2021-08-20T18:36:29,Copahue,so2,26.0,0.1,51.8,red,2026-05-10T07:50:57.786570+00:00
2023-07-17T14:37:31,Villarrica,swir,26.0,0.1,51.8,red,2026-05-10T07:50:57.786570+00:00
2025-10-14T18:17:53,Planchon-Peteroa,so2,25.9,0.1,51.599999999999994,red,2026-05-10T07:50:57.786570+00:00
2022-02-25T17:56:51,Lascar,so2,25.4,0.1,50.599999999999994,red,2026-05-10T07:50:57.786570+00:00
2025-03-23T14:37:49,Lascar,swir,25.0,0.1,49.8,red,2026-05-10T07:50:57.786570+00:00
2022-10-22T14:27:09,Villarrica,swir,25.0,0.1,49.8,red,2026-05-10T07:50:57.786570+00:00
2025-10-09T18:07:52,Planchon-Peteroa,so2,24.7,0.1,49.199999999999996,red,2026-05-10T07:50:57.786570+00:00
2023-09-17T18:27:25,Villarrica,so2,24.3,0.1,48.4,red,2026-05-10T07:50:57.786570+00:00
2025-03-13T14:37:49,Lascar,swir,24.0,0.1,47.8,red,2026-05-10T07:50:57.786570+00:00
2020-01-24T18:06:02,Lascar,so2,24.0,0.1,47.8,red,2026-05-10T07:50:57.786570+00:00
2025-10-12T18:52:53,Planchon-Peteroa,so2,23.2,0.1,46.199999999999996,red,2026-05-10T07:50:57.786570+00:00
2025-08-26T18:38:24,Lascar,so2,22.3,0.1,44.4,red,2026-05-10T07:50:57.786570+00:00
2025-08-10T18:38:23,Lascar,so2,22.1,0.1,44.0,red,2026-05-10T07:50:57.786570+00:00
2025-03-20T14:38:01,Lascar,swir,22.0,0.1,43.8,red,2026-05-10T07:50:57.786570+00:00
2022-12-05T17:50:54,Lascar,so2,22.0,0.1,43.8,red,2026-05-10T07:50:57.786570+00:00
2021-03-19T14:37:31,Planchon-Peteroa,swir,22.0,0.1,43.8,red,2026-05-10T07:50:57.786570+00:00
2024-05-19T14:27:11,Nevados de Chillan,swir,22.0,0.1,43.8,red,2026-05-10T07:50:57.786570+00:00
2022-11-06T14:27:21,Villarrica,swir,22.0,0.1,43.8,red,2026-05-10T07:50:57.786570+00:00
2022-11-22T18:36:35,Lascar,so2,21.4,0.1,42.599999999999994,red,2026-05-10T07:50:57.786570+00:00
2025-03-08T14:38:11,Lascar,swir,21.0,0.1,41.8,red,2026-05-10T07:50:57.786570+00:00
2025-03-28T14:38:01,Lascar,swir,21.0,0.1,41.8,red,2026-05-10T07:50:57.786570+00:00
2025-04-02T14:37:39,Lascar,swir,21.0,0.1,41.8,red,2026-05-10T07:50:57.786570+00:00
2022-11-16T14:27:11,Copahue,swir,21.0,0.1,41.8,red,2026-05-10T07:50:57.786570+00:00
2025-03-18T14:38:11,Lascar,swir,20.0,0.1,39.8,red,2026-05-10T07:50:57.786570+00:00
2020-10-15T14:37:29,Villarrica,swir,20.0,0.1,39.8,red,2026-05-10T07:50:57.786570+00:00
2022-10-10T14:37:31,Villarrica,swir,20.0,0.1,39.8,red,2026-05-10T07:50:57.786570+00:00
2023-08-03T14:27:21,Villarrica,swir,20.0,0.1,39.8,red,2026-05-10T07:50:57.786570+00:00
2024-07-13T14:27:19,Villarrica,swir,20.0,0.1,39.8,red,2026-05-10T07:50:57.786570+00:00
2025-06-29T18:26:40,Lascar,so2,19.7,0.1,39.199999999999996,red,2026-05-10T07:50:57.786570+00:00
2025-09-05T18:48:23,Planchon-Peteroa,so2,19.6,0.1,39.0,red,2026-05-10T07:50:57.786570+00:00
2021-12-01T14:27:31,Villarrica,swir,20.0,0.55,38.9,red,2026-05-10T07:50:57.786570+00:00
2021-08-31T18:32:04,Copahue,so2,19.0,0.1,37.8,red,2026-05-10T07:50:57.786570+00:00
2022-09-27T14:27:21,Villarrica,swir,19.0,0.1,37.8,red,2026-05-10T07:50:57.786570+00:00
2023-10-07T14:27:09,Villarrica,swir,19.0,0.1,37.8,red,2026-05-10T07:50:57.786570+00:00
2023-09-02T14:27:21,Villarrica,swir,18.0,0.1,35.8,red,2026-05-10T07:50:57.786570+00:00
2024-07-11T14:37:51,Villarrica,swir,18.0,0.1,35.8,red,2026-05-10T07:50:57.786570+00:00
2026-06-09T19:04:35,Lascar,so2,17.3,0.1,34.4,red,2026-06-10T04:54:18.024472+00:00
2024-02-07T14:37:39,Nevados de Chillan,swir,17.0,0.1,33.8,red,2026-05-10T07:50:57.786570+00:00
2020-07-29T14:27:41,Villarrica,swir,17.0,0.1,33.8,red,2026-05-10T07:50:57.786570+00:00
2022-11-09T14:37:31,Villarrica,swir,17.0,0.1,33.8,red,2026-05-10T07:50:57.786570+00:00
2023-01-19T18:48:00,Lascar,so2,16.7,0.1,33.199999999999996,red,2026-05-10T07:50:57.786570+00:00
2021-09-16T18:32:03,Copahue,so2,16.2,0.1,32.199999999999996,red,2026-05-10T07:50:57.786570+00:00
2022-10-02T14:27:09,Villarrica,swir,16.0,0.1,31.8,red,2026-05-10T07:50:57.786570+00:00
2023-10-30T18:17:03,Villarrica,so2,15.8,0.1,31.400000000000002,red,2026-05-10T07:50:57.786570+00:00
2021-09-06T18:17:04,Copahue,so2,15.4,0.1,30.6,red,2026-05-10T07:50:57.786570+00:00
2024-05-15T09:57:48,Copahue,coh_desc,527011.0,130916.0,30.25566011793822,red,2026-05-10T07:50:57.786570+00:00
2024-05-03T09:57:49,Copahue,coh_desc,526194.0,130916.0,30.193253689388616,red,2026-05-10T07:50:57.786570+00:00
2025-02-26T14:38:11,Lascar,swir,15.0,0.1,29.8,red,2026-05-10T07:50:57.786570+00:00
2026-03-08T14:37:39,Lascar,swir,15.0,0.1,29.8,red,2026-05-10T07:50:57.786570+00:00
2022-12-16T14:27:11,Nevados de Chillan,swir,15.0,0.1,29.8,red,2026-05-10T07:50:57.786570+00:00
2023-05-15T14:27:11,Llaima,swir,15.0,0.1,29.8,red,2026-05-10T07:50:57.786570+00:00
2022-08-28T14:27:21,Villarrica,swir,15.0,0.1,29.8,red,2026-05-10T07:50:57.786570+00:00
2022-09-10T14:37:41,Villarrica,swir,15.0,0.1,29.8,red,2026-05-10T07:50:57.786570+00:00
2022-09-12T14:27:19,Villarrica,swir,15.0,0.1,29.8,red,2026-05-10T07:50:57.786570+00:00
2022-10-15T14:37:29,Villarrica,swir,15.0,0.1,29.8,red,2026-05-10T07:50:57.786570+00:00
2022-11-04T14:37:29,Villarrica,swir,15.0,0.1,29.8,red,2026-05-10T07:50:57.786570+00:00
2024-07-21T14:37:41,Villarrica,swir,15.0,0.1,29.8,red,2026-05-10T07:50:57.786570+00:00
2024-01-06T18:43:21,Villarrica,so2,14.6,0.1,29.0,red,2026-05-10T07:50:57.786570+00:00
2026-02-21T14:37:51,Lascar,swir,14.0,0.1,27.8,red,2026-05-10T07:50:57.786570+00:00
2026-03-03T14:37:41,Lascar,swir,14.0,0.1,27.8,red,2026-05-10T07:50:57.786570+00:00
2021-05-13T14:37:29,Planchon-Peteroa,swir,14.0,0.1,27.8,red,2026-05-10T07:50:57.786570+00:00
2023-07-24T14:27:21,Nevados de Chillan,swir,14.0,0.1,27.8,red,2026-05-10T07:50:57.786570+00:00
2020-12-01T14:27:29,Villarrica,swir,14.0,0.1,27.8,red,2026-05-10T07:50:57.786570+00:00
2021-03-13T10:01:25,Lascar,coh_desc,507064.0,77818.0,27.036563474317386,red,2026-05-10T07:50:57.786570+00:00
2020-12-19T14:37:31,Planchon-Peteroa,swir,14.0,0.55,26.9,red,2026-05-10T07:50:57.786570+00:00
2026-02-11T14:37:41,Lascar,swir,13.0,0.1,25.8,red,2026-05-10T07:50:57.786570+00:00
2026-03-13T14:37:51,Lascar,swir,13.0,0.1,25.8,red,2026-05-10T07:50:57.786570+00:00
2020-06-14T14:27:39,Villarrica,swir,13.0,0.1,25.8,red,2026-05-10T07:50:57.786570+00:00
2020-08-06T14:37:29,Villarrica,swir,13.0,0.1,25.8,red,2026-05-10T07:50:57.786570+00:00
2020-09-22T14:27:39,Villarrica,swir,13.0,0.1,25.8,red,2026-05-10T07:50:57.786570+00:00
2020-10-05T14:37:29,Villarrica,swir,13.0,0.1,25.8,red,2026-05-10T07:50:57.786570+00:00
2020-12-04T14:37:29,Villarrica,swir,13.0,0.1,25.8,red,2026-05-10T07:50:57.786570+00:00
2021-10-27T14:27:29,Villarrica,swir,13.0,0.1,25.8,red,2026-05-10T07:50:57.786570+00:00
2022-08-01T14:37:41,Villarrica,swir,13.0,0.1,25.8,red,2026-05-10T07:50:57.786570+00:00
2022-08-03T14:27:19,Villarrica,swir,13.0,0.1,25.8,red,2026-05-10T07:50:57.786570+00:00
2022-11-01T14:27:09,Villarrica,swir,13.0,0.1,25.8,red,2026-05-10T07:50:57.786570+00:00
2025-03-23T14:37:49,Villarrica,swir,13.0,0.1,25.8,red,2026-05-10T07:50:57.786570+00:00
2026-05-22T14:37:41,Villarrica,swir,13.0,0.1,25.8,red,2026-06-07T11:31:24.629952+00:00
2021-01-06T10:00:40,Lascar,coh_desc,474864.0,71366.0,24.457388774396897,red,2026-05-10T07:50:57.786570+00:00
2023-08-23T14:27:21,Nevados de Chillan,swir,12.0,0.1,23.8,red,2026-05-10T07:50:57.786570+00:00
2024-06-28T14:27:21,Nevados de Chillan,swir,12.0,0.1,23.8,red,2026-05-10T07:50:57.786570+00:00
2020-10-22T14:27:39,Villarrica,swir,12.0,0.1,23.8,red,2026-05-10T07:50:57.786570+00:00
2023-08-26T14:37:31,Villarrica,swir,12.0,0.1,23.8,red,2026-05-10T07:50:57.786570+00:00
2025-10-11T19:12:52,Planchon-Peteroa,so2,11.7,0.1,23.2,red,2026-05-10T07:50:57.786570+00:00
2026-04-04T18:01:01,Lascar,so2,11.2,0.1,22.2,red,2026-05-10T07:50:57.786570+00:00
2021-03-19T10:00:39,Lascar,coh_desc,506022.0,80482.0,22.084176656806267,red,2026-05-10T07:50:57.786570+00:00
2021-05-25T14:27:31,Nevados de Chillan,swir,125.0,15.0,22.0,red,2026-05-10T07:50:57.786570+00:00
2022-04-20T09:57:38,Copahue,coh_desc,513784.0,67045.0,21.81555815997656,red,2026-05-10T07:50:57.786570+00:00
2026-02-16T14:37:39,Lascar,swir,11.0,0.1,21.8,red,2026-05-10T07:50:57.786570+00:00
2026-03-25T14:38:01,Lascar,swir,11.0,0.1,21.8,red,2026-05-10T07:50:57.786570+00:00
2026-04-02T14:37:41,Lascar,swir,11.0,0.1,21.8,red,2026-05-10T07:50:57.786570+00:00
2025-11-18T14:37:39,Planchon-Peteroa,swir,11.0,0.1,21.8,red,2026-05-10T07:50:57.786570+00:00
2025-11-25T14:27:09,Planchon-Peteroa,swir,11.0,0.1,21.8,red,2026-05-10T07:50:57.786570+00:00
2025-04-02T14:37:39,Nevados de Chillan,swir,11.0,0.1,21.8,red,2026-05-10T07:50:57.786570+00:00
2022-02-27T14:37:29,Copahue,swir,11.0,0.1,21.8,red,2026-05-10T07:50:57.786570+00:00
2024-10-16T14:27:11,Copahue,swir,11.0,0.1,21.8,red,2026-05-10T07:50:57.786570+00:00
2020-09-25T14:37:29,Villarrica,swir,11.0,0.1,21.8,red,2026-05-10T07:50:57.786570+00:00
2022-07-29T14:27:21,Villarrica,swir,11.0,0.1,21.8,red,2026-05-10T07:50:57.786570+00:00
2022-09-05T14:37:29,Villarrica,swir,11.0,0.1,21.8,red,2026-05-10T07:50:57.786570+00:00
2023-10-05T14:37:31,Villarrica,swir,11.0,0.1,21.8,red,2026-05-10T07:50:57.786570+00:00
2023-10-12T14:27:11,Villarrica,swir,11.0,0.1,21.8,red,2026-05-10T07:50:57.786570+00:00
2021-05-23T14:37:29,Nevados de Chillan,swir,122.0,15.0,21.4,red,2026-05-10T07:50:57.786570+00:00
2026-04-12T14:37:41,Lascar,swir,11.0,0.55,20.9,red,2026-05-10T07:35:08.497420+00:00
2023-11-26T14:27:09,Villarrica,swir,86.0,4.05,20.746835443037973,red,2026-05-10T07:50:57.786570+00:00
2022-11-16T14:27:11,Villarrica,swir,31.0,1.55,20.310344827586206,red,2026-05-10T07:50:57.786570+00:00
2026-02-03T10:01:25,Lascar,coh_desc,482057.0,30776.0,20.027559579283718,red,2026-05-10T07:50:57.786570+00:00
2026-04-07T14:37:39,Lascar,swir,10.0,0.1,19.8,red,2026-05-10T07:50:57.786570+00:00
2026-04-07T14:37:39,Nevados de Chillan,swir,10.0,0.1,19.8,red,2026-05-10T07:50:57.786570+00:00
2025-03-03T14:37:49,Copahue,swir,10.0,0.1,19.8,red,2026-05-10T07:50:57.786570+00:00
2023-03-21T14:27:19,Llaima,swir,10.0,0.1,19.8,red,2026-05-10T07:50:57.786570+00:00
2025-06-03T14:27:31,Llaima,swir,10.0,0.1,19.8,red,2026-05-10T07:50:57.786570+00:00
2020-09-20T14:37:31,Villarrica,swir,10.0,0.1,19.8,red,2026-05-10T07:50:57.786570+00:00
2020-11-16T14:27:31,Villarrica,swir,10.0,0.1,19.8,red,2026-05-10T07:50:57.786570+00:00
2020-11-26T14:27:31,Villarrica,swir,10.0,0.1,19.8,red,2026-05-10T07:50:57.786570+00:00
2020-11-29T14:37:31,Villarrica,swir,10.0,0.1,19.8,red,2026-05-10T07:50:57.786570+00:00
2021-08-13T14:27:31,Villarrica,swir,10.0,0.1,19.8,red,2026-05-10T07:50:57.786570+00:00
2022-08-21T14:37:41,Villarrica,swir,10.0,0.1,19.8,red,2026-05-10T07:50:57.786570+00:00
2025-09-27T18:34:45,Planchon-Peteroa,so2,9.5,0.1,18.8,red,2026-05-10T07:50:57.786570+00:00
2026-03-08T14:37:39,Planchon-Peteroa,swir,9.0,0.1,17.8,red,2026-05-10T07:50:57.786570+00:00
2026-01-27T14:37:39,Nevados de Chillan,swir,9.0,0.1,17.8,red,2026-05-10T07:50:57.786570+00:00
2026-02-28T14:27:51,Copahue,swir,9.0,0.1,17.8,red,2026-05-10T07:50:57.786570+00:00
2020-10-10T14:37:31,Villarrica,swir,9.0,0.1,17.8,red,2026-05-10T07:50:57.786570+00:00
2021-07-22T14:37:29,Villarrica,swir,9.0,0.1,17.8,red,2026-05-10T07:50:57.786570+00:00
2021-07-29T14:27:29,Villarrica,swir,9.0,0.1,17.8,red,2026-05-10T07:50:57.786570+00:00
2021-08-11T14:37:29,Villarrica,swir,9.0,0.1,17.8,red,2026-05-10T07:50:57.786570+00:00
2021-09-20T14:37:29,Villarrica,swir,9.0,0.1,17.8,red,2026-05-10T07:50:57.786570+00:00
2021-10-07T14:27:29,Villarrica,swir,9.0,0.1,17.8,red,2026-05-10T07:50:57.786570+00:00
2021-11-16T14:27:29,Villarrica,swir,9.0,0.1,17.8,red,2026-05-10T07:50:57.786570+00:00
2024-07-16T14:37:49,Villarrica,swir,9.0,0.1,17.8,red,2026-05-10T07:50:57.786570+00:00
2021-01-12T10:01:26,Lascar,coh_desc,475965.0,73260.0,16.469204973008342,red,2026-05-10T07:50:57.786570+00:00
2026-02-09T10:00:37,Lascar,coh_desc,456596.0,34165.0,16.29120709602777,red,2026-05-10T07:50:57.786570+00:00
2025-03-23T14:37:49,Nevados de Chillan,swir,8.0,0.1,15.8,red,2026-05-10T07:50:57.786570+00:00
2021-08-13T14:27:31,Copahue,swir,8.0,0.1,15.8,red,2026-05-10T07:50:57.786570+00:00
2023-03-06T14:27:11,Llaima,swir,8.0,0.1,15.8,red,2026-05-10T07:50:57.786570+00:00
2020-11-19T14:37:31,Villarrica,swir,8.0,0.1,15.8,red,2026-05-10T07:50:57.786570+00:00
2021-07-04T14:27:31,Villarrica,swir,8.0,0.1,15.8,red,2026-05-10T07:50:57.786570+00:00
2021-11-21T14:27:31,Villarrica,swir,8.0,0.1,15.8,red,2026-05-10T07:50:57.786570+00:00
2022-09-30T14:37:31,Villarrica,swir,8.0,0.1,15.8,red,2026-05-10T07:50:57.786570+00:00
2022-10-27T14:27:21,Villarrica,swir,8.0,0.1,15.8,red,2026-05-10T07:50:57.786570+00:00
2023-08-18T14:27:19,Villarrica,swir,8.0,0.1,15.8,red,2026-05-10T07:50:57.786570+00:00
2023-09-30T14:37:29,Villarrica,swir,8.0,0.1,15.8,red,2026-05-10T07:50:57.786570+00:00
2022-04-27T23:27:40,Planchon-Peteroa,coh_asc,515428.0,134322.0,15.314687562788828,red,2026-05-10T07:50:57.786570+00:00
2022-05-02T09:57:38,Copahue,coh_desc,527838.0,94072.0,15.15128017045653,red,2026-05-10T07:50:57.786570+00:00
2021-02-04T14:27:31,Nevados de Chillan,swir,43.0,13.0,15.0,red,2026-05-10T07:50:57.786570+00:00
2022-06-12T14:37:41,Villarrica,swir,14.0,1.0,14.444444444444445,red,2026-05-10T07:50:57.786570+00:00
2024-05-27T09:57:49,Copahue,coh_desc,526892.0,140889.0,14.049244767970883,red,2026-05-10T07:50:57.786570+00:00
2021-10-07T14:27:29,Copahue,swir,7.0,0.1,13.8,red,2026-05-10T07:50:57.786570+00:00
2021-10-27T14:27:29,Copahue,swir,7.0,0.1,13.8,red,2026-05-10T07:50:57.786570+00:00
2021-11-06T14:27:29,Copahue,swir,7.0,0.1,13.8,red,2026-05-10T07:50:57.786570+00:00
2025-12-10T14:27:21,Copahue,swir,7.0,0.1,13.8,red,2026-05-10T07:50:57.786570+00:00
2020-08-21T14:37:31,Villarrica,swir,7.0,0.1,13.8,red,2026-05-10T07:50:57.786570+00:00
2020-08-31T14:37:31,Villarrica,swir,7.0,0.1,13.8,red,2026-05-10T07:50:57.786570+00:00
2020-11-14T14:37:29,Villarrica,swir,7.0,0.1,13.8,red,2026-05-10T07:50:57.786570+00:00
2021-08-01T14:37:29,Villarrica,swir,7.0,0.1,13.8,red,2026-05-10T07:50:57.786570+00:00
2021-09-07T14:27:29,Villarrica,swir,7.0,0.1,13.8,red,2026-05-10T07:50:57.786570+00:00
2021-10-10T14:37:29,Villarrica,swir,7.0,0.1,13.8,red,2026-05-10T07:50:57.786570+00:00
2021-10-30T14:37:29,Villarrica,swir,7.0,0.1,13.8,red,2026-05-10T07:50:57.786570+00:00
2021-11-11T14:27:31,Villarrica,swir,7.0,0.1,13.8,red,2026-05-10T07:50:57.786570+00:00
2022-08-08T14:27:21,Villarrica,swir,7.0,0.1,13.8,red,2026-05-10T07:50:57.786570+00:00
2024-07-28T14:27:21,Villarrica,swir,7.0,0.1,13.8,red,2026-05-10T07:50:57.786570+00:00
2025-02-11T14:37:49,Villarrica,swir,7.0,0.1,13.8,red,2026-05-10T07:50:57.786570+00:00
2025-10-31T14:28:01,Villarrica,swir,7.0,0.1,13.8,red,2026-05-10T07:50:57.786570+00:00
2026-05-17T14:37:39,Villarrica,swir,7.0,0.1,13.8,red,2026-06-07T11:31:24.629952+00:00
2022-05-09T23:27:40,Planchon-Peteroa,coh_asc,512467.0,139745.0,12.297809159297875,red,2026-05-10T07:50:57.786570+00:00
2022-01-18T14:37:19,Lascar,swir,28.0,3.5,12.25,red,2026-05-10T07:50:57.786570+00:00
2025-04-10T09:56:25,Copahue,coh_desc,463761.0,123306.0,11.958377239199157,red,2026-05-10T07:50:57.786570+00:00
2025-12-02T14:28:11,Planchon-Peteroa,swir,6.0,0.1,11.8,red,2026-05-10T07:50:57.786570+00:00
2022-08-11T14:37:41,Nevados de Chillan,swir,6.0,0.1,11.8,red,2026-05-10T07:50:57.786570+00:00
2023-06-17T14:37:31,Nevados de Chillan,swir,6.0,0.1,11.8,red,2026-05-10T07:50:57.786570+00:00
2025-07-08T14:38:01,Nevados de Chillan,swir,6.0,0.1,11.8,red,2026-05-10T07:50:57.786570+00:00
2025-07-11T14:37:49,Nevados de Chillan,swir,6.0,0.1,11.8,red,2026-05-10T07:50:57.786570+00:00
2023-01-10T14:27:09,Copahue,swir,6.0,0.1,11.8,red,2026-05-10T07:50:57.786570+00:00
2020-07-02T14:37:31,Villarrica,swir,6.0,0.1,11.8,red,2026-05-10T07:50:57.786570+00:00
2020-09-27T14:27:41,Villarrica,swir,6.0,0.1,11.8,red,2026-05-10T07:50:57.786570+00:00
2021-07-17T14:37:31,Villarrica,swir,6.0,0.1,11.8,red,2026-05-10T07:50:57.786570+00:00
2021-07-24T14:27:31,Villarrica,swir,6.0,0.1,11.8,red,2026-05-10T07:50:57.786570+00:00
2021-08-03T14:27:31,Villarrica,swir,6.0,0.1,11.8,red,2026-05-10T07:50:57.786570+00:00
2021-08-08T14:27:29,Villarrica,swir,6.0,0.1,11.8,red,2026-05-10T07:50:57.786570+00:00
2021-09-10T14:37:29,Villarrica,swir,6.0,0.1,11.8,red,2026-05-10T07:50:57.786570+00:00
2021-10-12T14:27:41,Villarrica,swir,6.0,0.1,11.8,red,2026-05-10T07:50:57.786570+00:00
2022-07-14T14:27:19,Villarrica,swir,6.0,0.1,11.8,red,2026-05-10T07:50:57.786570+00:00
2022-09-02T14:27:19,Villarrica,swir,6.0,0.1,11.8,red,2026-05-10T07:50:57.786570+00:00
2025-02-01T14:37:49,Villarrica,swir,6.0,0.1,11.8,red,2026-05-10T07:50:57.786570+00:00
2026-03-13T14:37:51,Villarrica,swir,6.0,0.1,11.8,red,2026-05-10T07:50:57.786570+00:00
2026-06-16T14:37:39,Nevados de Chillan,swir,6.0,0.1,11.8,red,2026-06-16T21:23:56.310213+00:00
2026-06-16T14:37:39,Villarrica,swir,6.0,0.1,11.8,red,2026-06-16T21:23:56.310213+00:00
2021-05-07T09:57:30,Copahue,coh_desc,489880.0,77748.5,11.743143707882776,red,2026-05-10T07:50:57.786570+00:00
2021-05-13T14:37:29,Nevados de Chillan,swir,60.0,15.0,11.25,red,2026-05-10T07:50:57.786570+00:00
2023-05-09T09:57:19,Nevados de Chillan,coh_desc,502052.0,237098.5,11.174828183223427,red,2026-05-10T07:50:57.786570+00:00
2022-05-18T14:37:29,Villarrica,swir,11.0,1.0,11.11111111111111,red,2026-05-10T07:50:57.786570+00:00
2025-04-03T10:00:11,Lascar,coh_desc,369572.0,55427.5,10.863849359362302,red,2026-05-10T07:50:57.786570+00:00
2023-05-09T09:57:44,Copahue,coh_desc,403063.0,97637.5,10.788036663546615,red,2026-05-10T07:50:57.786570+00:00
2024-10-11T10:01:42,Lascar,coh_desc,131872.0,23976.0,10.616550231230935,red,2026-05-10T07:50:57.786570+00:00
2021-05-13T09:56:42,Copahue,coh_desc,444528.0,78233.0,10.390168491518693,red,2026-05-10T07:50:57.786570+00:00
2022-06-29T14:27:31,Nevados de Chillan,swir,43.0,4.0,10.0,red,2026-05-10T07:50:57.786570+00:00
2023-11-29T14:37:39,Villarrica,swir,118.0,11.0,9.81651376146789,red,2026-05-10T07:50:57.786570+00:00
2023-04-23T14:37:29,Planchon-Peteroa,swir,5.0,0.1,9.8,red,2026-05-10T07:50:57.786570+00:00
2022-10-07T14:27:21,Nevados de Chillan,swir,5.0,0.1,9.8,red,2026-05-10T07:50:57.786570+00:00
2023-06-12T14:37:29,Nevados de Chillan,swir,5.0,0.1,9.8,red,2026-05-10T07:50:57.786570+00:00
2024-03-28T14:37:39,Nevados de Chillan,swir,5.0,0.1,9.8,red,2026-05-10T07:50:57.786570+00:00
2025-06-26T14:38:01,Nevados de Chillan,swir,5.0,0.1,9.8,red,2026-05-10T07:50:57.786570+00:00
2025-07-01T14:37:49,Nevados de Chillan,swir,5.0,0.1,9.8,red,2026-05-10T07:50:57.786570+00:00
2021-09-02T14:27:31,Copahue,swir,5.0,0.1,9.8,red,2026-05-10T07:50:57.786570+00:00
2021-10-17T14:27:29,Copahue,swir,5.0,0.1,9.8,red,2026-05-10T07:50:57.786570+00:00
2021-10-17T14:27:29,Villarrica,swir,5.0,0.1,9.8,red,2026-05-10T07:50:57.786570+00:00
2021-11-19T14:37:29,Villarrica,swir,5.0,0.1,9.8,red,2026-05-10T07:50:57.786570+00:00
2025-01-02T14:37:39,Villarrica,swir,5.0,0.1,9.8,red,2026-05-10T07:50:57.786570+00:00
2025-02-26T14:38:11,Villarrica,swir,5.0,0.1,9.8,red,2026-05-10T07:50:57.786570+00:00
2025-04-07T14:38:11,Villarrica,swir,5.0,0.1,9.8,red,2026-05-10T07:50:57.786570+00:00
2021-05-20T14:27:29,Nevados de Chillan,swir,53.0,15.0,9.5,red,2026-05-10T07:50:57.786570+00:00
2025-04-28T09:57:42,Copahue,coh_desc,522786.0,137541.0,9.395875760642904,red,2026-05-10T07:50:57.786570+00:00
2024-02-09T14:27:11,Villarrica,swir,318.0,86.0,9.28,red,2026-05-10T07:50:57.786570+00:00
2021-06-19T14:27:29,Nevados de Chillan,swir,202.0,26.0,9.263157894736842,red,2026-05-10T07:50:57.786570+00:00
2021-04-24T10:00:40,Lascar,coh_desc,497578.0,80482.0,9.160100144946634,red,2026-05-10T07:50:57.786570+00:00
2024-05-03T09:57:24,Nevados de Chillan,coh_desc,533113.0,279708.0,9.059626467601927,red,2026-05-10T07:50:57.786570+00:00
2024-05-15T09:57:24,Nevados de Chillan,coh_desc,532628.0,279708.0,9.042286956397385,red,2026-05-10T07:50:57.786570+00:00
2022-04-20T09:57:13,Nevados de Chillan,coh_desc,478406.0,251338.0,9.034368062131472,red,2026-05-10T07:50:57.786570+00:00
2026-04-17T14:37:39,Lascar,swir,9.0,1.0,8.88888888888889,red,2026-05-10T07:35:08.497420+00:00
2023-06-14T09:58:11,Villarrica,coh_desc,536905.0,284375.0,8.880175824175824,red,2026-05-10T07:50:57.786570+00:00
2024-05-27T09:57:24,Nevados de Chillan,coh_desc,530590.0,281846.0,8.825528834895652,red,2026-05-10T07:50:57.786570+00:00
2023-06-26T09:58:11,Villarrica,coh_desc,538093.0,286019.0,8.813190732084232,red,2026-05-10T07:50:57.786570+00:00
2022-05-02T09:57:13,Nevados de Chillan,coh_desc,534091.0,273440.0,8.801911322729882,red,2026-05-10T07:50:57.786570+00:00
2022-05-21T23:27:41,Planchon-Peteroa,coh_asc,495747.0,139745.0,8.786267831581025,red,2026-05-10T07:50:57.786570+00:00
2024-05-03T09:57:49,Llaima,coh_desc,540464.0,288495.0,8.733912199518189,red,2026-05-10T07:50:57.786570+00:00
2024-05-15T09:57:48,Llaima,coh_desc,539535.0,288495.0,8.701710601570218,red,2026-05-10T07:50:57.786570+00:00
2022-05-14T09:57:39,Copahue,coh_desc,516465.0,107938.0,8.408673637411493,red,2026-05-10T07:50:57.786570+00:00
2021-05-10T14:27:29,Nevados de Chillan,swir,40.0,15.0,8.333333333333334,red,2026-05-10T07:50:57.786570+00:00
2024-09-17T10:01:42,Lascar,coh_desc,106656.0,23342.0,8.272664084996524,red,2026-05-10T07:50:57.786570+00:00
2022-12-21T10:01:39,Lascar,coh_desc,234857.0,31203.0,8.157253865256749,red,2026-05-10T07:50:57.786570+00:00
2021-05-25T09:56:43,Copahue,coh_desc,456993.0,91567.5,8.075790892717047,red,2026-05-10T07:50:57.786570+00:00
2022-01-28T14:37:19,Lascar,swir,19.0,3.0,8.0,red,2026-05-10T07:50:57.786570+00:00
2022-02-02T14:37:31,Lascar,swir,19.0,3.0,8.0,red,2026-05-10T07:50:57.786570+00:00
2026-04-17T14:37:39,Copahue,swir,4.0,0.1,7.8,red,2026-05-10T07:35:08.497420+00:00
2021-04-10T14:27:29,Planchon-Peteroa,swir,4.0,0.1,7.8,red,2026-05-10T07:50:57.786570+00:00
2025-11-23T14:37:51,Planchon-Peteroa,swir,4.0,0.1,7.8,red,2026-05-10T07:50:57.786570+00:00
2022-08-08T14:27:21,Nevados de Chillan,swir,4.0,0.1,7.8,red,2026-05-10T07:50:57.786570+00:00
2022-09-05T14:37:29,Nevados de Chillan,swir,4.0,0.1,7.8,red,2026-05-10T07:50:57.786570+00:00
2022-10-12T14:27:09,Nevados de Chillan,swir,4.0,0.1,7.8,red,2026-05-10T07:50:57.786570+00:00
2022-12-14T14:37:29,Nevados de Chillan,swir,4.0,0.1,7.8,red,2026-05-10T07:50:57.786570+00:00
2024-06-16T14:37:49,Nevados de Chillan,swir,4.0,0.1,7.8,red,2026-05-10T07:50:57.786570+00:00
2021-09-22T14:27:31,Copahue,swir,4.0,0.1,7.8,red,2026-05-10T07:50:57.786570+00:00
2021-10-22T14:27:41,Copahue,swir,4.0,0.1,7.8,red,2026-05-10T07:50:57.786570+00:00
2021-11-01T14:27:41,Copahue,swir,4.0,0.1,7.8,red,2026-05-10T07:50:57.786570+00:00
2022-02-04T14:27:29,Copahue,swir,4.0,0.1,7.8,red,2026-05-10T07:50:57.786570+00:00
2025-02-28T14:27:19,Copahue,swir,4.0,0.1,7.8,red,2026-05-10T07:50:57.786570+00:00
2025-02-23T14:28:11,Llaima,swir,4.0,0.1,7.8,red,2026-05-10T07:50:57.786570+00:00
2025-03-30T14:27:19,Llaima,swir,4.0,0.1,7.8,red,2026-05-10T07:50:57.786570+00:00
2020-10-12T14:27:39,Villarrica,swir,4.0,0.1,7.8,red,2026-05-10T07:50:57.786570+00:00
2020-11-09T14:37:31,Villarrica,swir,4.0,0.1,7.8,red,2026-05-10T07:50:57.786570+00:00
2021-10-22T14:27:41,Villarrica,swir,4.0,0.1,7.8,red,2026-05-10T07:50:57.786570+00:00
2021-11-26T14:27:29,Villarrica,swir,4.0,0.1,7.8,red,2026-05-10T07:50:57.786570+00:00
2021-11-29T14:37:19,Villarrica,swir,4.0,0.1,7.8,red,2026-05-10T07:50:57.786570+00:00
2024-12-03T14:37:49,Villarrica,swir,4.0,0.1,7.8,red,2026-05-10T07:50:57.786570+00:00
2024-12-13T14:37:49,Villarrica,swir,4.0,0.1,7.8,red,2026-05-10T07:50:57.786570+00:00
2024-12-18T14:37:41,Villarrica,swir,4.0,0.1,7.8,red,2026-05-10T07:50:57.786570+00:00
2024-12-23T14:37:49,Villarrica,swir,4.0,0.1,7.8,red,2026-05-10T07:50:57.786570+00:00
2025-01-17T14:37:41,Villarrica,swir,4.0,0.1,7.8,red,2026-05-10T07:50:57.786570+00:00
2025-01-27T14:38:11,Villarrica,swir,4.0,0.1,7.8,red,2026-05-10T07:50:57.786570+00:00
2025-03-18T14:38:11,Villarrica,swir,4.0,0.1,7.8,red,2026-05-10T07:50:57.786570+00:00
2025-03-20T14:38:01,Villarrica,swir,4.0,0.1,7.8,red,2026-05-10T07:50:57.786570+00:00
2025-04-19T14:38:01,Villarrica,swir,4.0,0.1,7.8,red,2026-05-10T07:50:57.786570+00:00
2026-02-26T14:37:39,Villarrica,swir,4.0,0.1,7.8,red,2026-05-10T07:50:57.786570+00:00
2026-03-08T14:37:39,Villarrica,swir,4.0,0.1,7.8,red,2026-05-10T07:50:57.786570+00:00
2026-05-14T14:27:09,Nevados de Chillan,swir,4.0,0.1,7.8,red,2026-06-07T11:31:24.629952+00:00
2026-05-21T14:28:11,Villarrica,swir,4.0,0.1,7.8,red,2026-06-07T11:31:24.629952+00:00
2021-10-07T14:27:29,Nevados de Chillan,swir,95.0,11.0,7.706422018348624,red,2026-05-10T07:50:57.786570+00:00
2022-06-19T14:27:21,Nevados de Chillan,swir,27.0,4.0,7.666666666666667,red,2026-05-10T07:50:57.786570+00:00
2021-03-31T23:42:20,Villarrica,coh_asc,519917.0,294538.0,7.651949833298249,red,2026-05-10T07:50:57.786570+00:00
2021-05-18T14:37:31,Nevados de Chillan,swir,45.0,15.0,7.5,red,2026-05-10T07:50:57.786570+00:00
2021-11-24T14:37:31,Nevados de Chillan,swir,37.0,7.0,7.5,red,2026-05-10T07:50:57.786570+00:00
2025-02-20T10:01:35,Lascar,coh_desc,197597.0,31416.0,7.400953059588492,red,2026-05-10T07:50:57.786570+00:00
2021-06-06T09:57:08,Villarrica,coh_desc,540103.0,315733.0,7.106320847044812,red,2026-05-10T07:50:57.786570+00:00
2021-06-17T14:37:31,Nevados de Chillan,swir,154.0,19.5,7.097625329815304,red,2026-05-10T07:50:57.786570+00:00
2021-04-19T23:34:11,Villarrica,coh_asc,519623.0,289455.0,7.026528680892634,red,2026-05-10T07:50:57.786570+00:00
2023-06-14T09:57:21,Nevados de Chillan,coh_desc,523985.0,274718.0,6.995397524766369,red,2026-05-10T07:50:57.786570+00:00
2023-06-14T09:57:46,Copahue,coh_desc,522292.0,126541.0,6.981705595935361,red,2026-05-10T07:50:57.786570+00:00
2022-05-14T09:57:14,Nevados de Chillan,coh_desc,530784.0,274033.0,6.888945532599946,red,2026-05-10T07:50:57.786570+00:00
2023-12-04T14:37:41,Villarrica,swir,86.0,11.0,6.8807339449541285,red,2026-05-10T07:50:57.786570+00:00
2026-04-30T23:27:31,Planchon-Peteroa,coh_asc,510815.0,208413.0,6.873241357365275,red,2026-06-07T11:31:24.629952+00:00
2023-06-02T09:57:45,Llaima,coh_desc,497567.0,240916.0,6.835914714538747,red,2026-05-10T07:50:57.786570+00:00
2023-02-19T10:01:36,Lascar,coh_desc,488623.0,111621.0,6.7987087931905075,red,2026-05-10T07:50:57.786570+00:00
2026-04-24T23:26:39,Planchon-Peteroa,coh_asc,514147.0,210054.0,6.765214296043338,red,2026-05-10T07:50:57.786570+00:00
2021-05-15T14:27:31,Nevados de Chillan,swir,42.0,15.0,6.75,red,2026-05-10T07:50:57.786570+00:00
2021-04-06T23:43:03,Villarrica,coh_asc,505549.0,289455.0,6.649864598719843,red,2026-05-10T07:50:57.786570+00:00
2020-06-11T09:57:03,Villarrica,coh_desc,534043.0,321078.0,6.6328119646939365,red,2026-05-10T07:50:57.786570+00:00
2021-05-31T09:57:31,Copahue,coh_desc,527873.0,112201.0,6.604992611189678,red,2026-05-10T07:50:57.786570+00:00
2021-05-07T09:57:05,Nevados de Chillan,coh_desc,512871.0,241040.0,6.567314545256877,red,2026-05-10T07:50:57.786570+00:00
2025-04-09T10:01:35,Lascar,coh_desc,296368.0,63174.0,6.562744491036502,red,2026-05-10T07:50:57.786570+00:00
2023-02-07T10:01:37,Lascar,coh_desc,424772.0,95676.0,6.466429567917002,red,2026-05-10T07:50:57.786570+00:00
2022-05-26T09:57:40,Copahue,coh_desc,524859.0,122701.0,6.34849321988413,red,2026-05-10T07:50:57.786570+00:00
2021-04-30T10:01:27,Lascar,coh_desc,463646.0,76202.5,6.284719011816994,red,2026-05-10T07:50:57.786570+00:00
2020-06-10T23:43:00,Villarrica,coh_asc,536166.0,291522.0,6.2795246284555555,red,2026-05-10T07:50:57.786570+00:00
2022-05-26T09:57:15,Nevados de Chillan,coh_desc,529514.0,274117.0,6.205432854678427,red,2026-05-10T07:50:57.786570+00:00
2021-05-01T09:56:41,Copahue,coh_desc,294302.0,78233.0,6.128921540818063,red,2026-05-10T07:50:57.786570+00:00
2021-05-31T09:57:31,Villarrica,coh_desc,507928.0,315144.0,6.117330490188612,red,2026-05-10T07:50:57.786570+00:00
2026-03-24T09:56:30,Llaima,coh_desc,430361.0,247692.0,6.059678221927351,red,2026-05-10T07:50:57.786570+00:00
2021-06-19T23:27:37,Planchon-Peteroa,coh_asc,511694.0,226988.5,6.002266354647608,red,2026-05-10T07:50:57.786570+00:00
2025-03-30T23:27:43,Planchon-Peteroa,coh_asc,512434.0,158997.0,5.97112736733625,orange,2026-05-10T07:50:57.786570+00:00
2026-03-24T09:56:30,Copahue,coh_desc,373046.0,140184.0,5.9689839023890086,orange,2026-05-10T07:50:57.786570+00:00
2021-06-06T09:56:44,Copahue,coh_desc,529624.0,112844.0,5.95910780669145,orange,2026-05-10T07:50:57.786570+00:00
2026-06-03T10:01:34,Lascar,coh_desc,168749.0,38613.0,5.9482585245452055,orange,2026-06-07T11:31:24.629952+00:00
2026-05-06T23:26:54,Planchon-Peteroa,coh_asc,516087.0,210054.0,5.909570154095702,orange,2026-06-07T11:31:24.629952+00:00
2024-04-26T10:01:43,Lascar,coh_desc,394803.0,157619.0,5.89745884927147,orange,2026-05-10T07:50:57.786570+00:00
2026-04-22T14:37:41,Nevados de Chillan,swir,3.0,0.1,5.8,orange,2026-05-10T07:35:08.497420+00:00
2026-04-29T14:27:51,Llaima,swir,3.0,0.1,5.8,orange,2026-05-10T07:35:08.497420+00:00
2021-12-11T14:27:31,Planchon-Peteroa,swir,3.0,0.1,5.8,orange,2026-05-10T07:50:57.786570+00:00
2025-04-24T14:28:11,Planchon-Peteroa,swir,3.0,0.1,5.8,orange,2026-05-10T07:50:57.786570+00:00
2025-11-30T14:27:21,Planchon-Peteroa,swir,3.0,0.1,5.8,orange,2026-05-10T07:50:57.786570+00:00
2022-08-03T14:27:19,Nevados de Chillan,swir,3.0,0.1,5.8,orange,2026-05-10T07:50:57.786570+00:00
2022-08-21T14:37:41,Nevados de Chillan,swir,3.0,0.1,5.8,orange,2026-05-10T07:50:57.786570+00:00
2022-09-12T14:27:19,Nevados de Chillan,swir,3.0,0.1,5.8,orange,2026-05-10T07:50:57.786570+00:00
2024-10-16T14:27:11,Nevados de Chillan,swir,3.0,0.1,5.8,orange,2026-05-10T07:50:57.786570+00:00
2025-01-09T14:27:09,Copahue,swir,3.0,0.1,5.8,orange,2026-05-10T07:50:57.786570+00:00
2021-07-12T14:37:29,Villarrica,swir,3.0,0.1,5.8,orange,2026-05-10T07:50:57.786570+00:00
2021-11-24T14:37:31,Villarrica,swir,3.0,0.1,5.8,orange,2026-05-10T07:50:57.786570+00:00
2022-10-05T14:37:29,Villarrica,swir,3.0,0.1,5.8,orange,2026-05-10T07:50:57.786570+00:00
2024-08-15T14:37:49,Villarrica,swir,3.0,0.1,5.8,orange,2026-05-10T07:50:57.786570+00:00
2024-08-27T14:27:11,Villarrica,swir,3.0,0.1,5.8,orange,2026-05-10T07:50:57.786570+00:00
2025-02-06T14:38:11,Villarrica,swir,3.0,0.1,5.8,orange,2026-05-10T07:50:57.786570+00:00
2025-02-16T14:38:11,Villarrica,swir,3.0,0.1,5.8,orange,2026-05-10T07:50:57.786570+00:00
2025-02-21T14:37:49,Villarrica,swir,3.0,0.1,5.8,orange,2026-05-10T07:50:57.786570+00:00
2026-05-19T14:27:11,Villarrica,swir,3.0,0.1,5.8,orange,2026-06-07T11:31:24.629952+00:00
2026-06-08T14:27:11,Villarrica,swir,3.0,0.1,5.8,orange,2026-06-09T04:41:29.844333+00:00
2022-05-15T14:27:29,Villarrica,swir,13.0,2.0,5.7894736842105265,orange,2026-05-10T07:50:57.786570+00:00
2021-05-13T09:56:17,Nevados de Chillan,coh_desc,498153.0,245916.0,5.758704139174904,orange,2026-05-10T07:50:57.786570+00:00
2022-01-13T14:37:31,Lascar,swir,15.0,3.5,5.75,orange,2026-05-10T07:50:57.786570+00:00
2024-05-10T23:27:51,Planchon-Peteroa,coh_asc,519119.0,185494.0,5.735048905849792,orange,2026-05-10T07:50:57.786570+00:00
2026-02-21T10:00:37,Lascar,coh_desc,415738.0,76661.0,5.723253242862327,orange,2026-05-10T07:50:57.786570+00:00
2023-05-09T09:57:44,Llaima,coh_desc,360957.0,218656.0,5.705504991780602,orange,2026-05-10T07:50:57.786570+00:00
2026-01-22T10:01:25,Lascar,coh_desc,157492.0,34165.0,5.672945559925481,orange,2026-05-10T07:50:57.786570+00:00
2021-04-28T14:37:21,Nevados de Chillan,swir,31.0,14.0,5.666666666666667,orange,2026-05-10T07:50:57.786570+00:00
2023-12-06T14:27:09,Villarrica,swir,72.0,11.0,5.5963302752293576,orange,2026-05-10T07:50:57.786570+00:00
2024-05-03T09:58:14,Villarrica,coh_desc,541862.0,348021.0,5.569807569083475,orange,2026-05-10T07:50:57.786570+00:00
2025-05-10T09:57:41,Copahue,coh_desc,509853.0,137541.0,5.537061273051755,orange,2026-05-10T07:50:57.786570+00:00
2023-09-11T10:01:45,Lascar,coh_desc,84545.0,23816.0,5.528860160233067,orange,2026-05-10T07:50:57.786570+00:00
2024-05-15T09:58:13,Villarrica,coh_desc,539824.0,348021.0,5.5112478844667425,orange,2026-05-10T07:50:57.786570+00:00
2020-12-29T14:37:31,Nevados de Chillan,swir,24.0,13.0,5.5,orange,2026-05-10T07:50:57.786570+00:00
2021-05-06T10:00:41,Lascar,coh_desc,477683.0,80482.0,5.468677717810332,orange,2026-05-10T07:50:57.786570+00:00
2025-04-11T23:27:43,Planchon-Peteroa,coh_asc,509454.0,158997.0,5.429233152594888,orange,2026-05-10T07:50:57.786570+00:00
2026-03-30T09:57:29,Llaima,coh_desc,468562.0,243234.5,5.373704732718839,orange,2026-05-10T07:50:57.786570+00:00
2021-06-12T14:37:29,Nevados de Chillan,swir,95.0,15.0,5.369127516778524,orange,2026-05-10T07:50:57.786570+00:00
2020-11-25T10:01:28,Lascar,coh_desc,146040.0,75334.0,5.363422589698855,orange,2026-05-10T07:50:57.786570+00:00
2022-05-14T09:58:04,Villarrica,coh_desc,525586.0,344280.0,5.266236784013013,orange,2026-05-10T07:50:57.786570+00:00
2026-03-25T23:27:31,Planchon-Peteroa,coh_asc,426653.0,196278.0,5.217061461116899,orange,2026-05-10T07:50:57.786570+00:00
2021-05-25T09:57:08,Villarrica,coh_desc,459676.0,302183.5,5.211816661068522,orange,2026-05-10T07:50:57.786570+00:00
2020-06-16T23:42:19,Villarrica,coh_asc,528030.0,292686.5,5.120114436140935,orange,2026-05-10T07:50:57.786570+00:00
2024-05-27T09:58:14,Villarrica,coh_desc,536672.0,356397.0,5.058263677864852,orange,2026-05-10T07:50:57.786570+00:00
2021-06-07T23:27:37,Planchon-Peteroa,coh_asc,518833.0,218594.0,5.02744474212994,orange,2026-05-10T07:50:57.786570+00:00
2022-02-07T14:37:19,Lascar,swir,16.0,3.5,5.0,orange,2026-05-10T07:50:57.786570+00:00
2021-03-01T14:27:29,Nevados de Chillan,swir,23.0,13.0,5.0,orange,2026-05-10T07:50:57.786570+00:00
2022-02-07T14:37:19,Nevados de Chillan,swir,28.0,8.0,5.0,orange,2026-05-10T07:50:57.786570+00:00
2025-04-15T10:00:26,Lascar,coh_desc,320293.0,69363.0,4.9028917545916375,orange,2026-05-10T07:50:57.786570+00:00
2022-11-19T14:37:31,Villarrica,swir,26.0,4.5,4.886363636363636,orange,2026-05-10T07:50:57.786570+00:00
2021-04-12T23:42:21,Villarrica,coh_asc,447578.0,289455.0,4.8659219596258,orange,2026-05-10T07:50:57.786570+00:00
2026-03-30T09:57:29,Copahue,coh_desc,424478.0,163046.0,4.857434830270712,orange,2026-05-10T07:50:57.786570+00:00
2025-04-28T09:58:06,Villarrica,coh_desc,481707.0,324439.0,4.847382712929087,orange,2026-05-10T07:50:57.786570+00:00
2023-06-26T09:57:46,Copahue,coh_desc,526229.0,147658.0,4.800362654223147,orange,2026-05-10T07:50:57.786570+00:00
2025-05-10T09:57:41,Llaima,coh_desc,443140.0,299978.5,4.772392021428202,orange,2026-05-10T07:50:57.786570+00:00
2021-05-25T09:56:18,Nevados de Chillan,coh_desc,526042.0,282431.5,4.678968596946125,orange,2026-05-10T07:50:57.786570+00:00
2022-07-19T14:27:21,Nevados de Chillan,swir,8.0,1.5,4.642857142857143,orange,2026-05-10T07:50:57.786570+00:00
2024-04-28T23:27:51,Planchon-Peteroa,coh_asc,452536.0,185494.0,4.590480119643133,orange,2026-05-10T07:50:57.786570+00:00
2021-12-26T10:01:33,Lascar,coh_desc,161750.0,32087.0,4.586593562079943,orange,2026-05-10T07:50:57.786570+00:00
2025-12-11T10:00:40,Lascar,coh_desc,163951.0,48581.0,4.582720953326713,orange,2026-05-10T07:50:57.786570+00:00
2025-05-10T09:58:06,Villarrica,coh_desc,472806.0,324439.0,4.573032218691341,orange,2026-05-10T07:50:57.786570+00:00
2021-05-30T14:27:29,Nevados de Chillan,swir,48.0,16.0,4.571428571428571,orange,2026-05-10T07:50:57.786570+00:00
2021-05-07T09:57:30,Villarrica,coh_desc,424486.0,292469.0,4.51388010353234,orange,2026-05-10T07:50:57.786570+00:00
2021-11-19T14:37:29,Nevados de Chillan,swir,25.0,7.0,4.5,orange,2026-05-10T07:50:57.786570+00:00
2024-04-14T10:01:42,Lascar,coh_desc,400596.0,117401.0,4.495230083017191,orange,2026-05-10T07:50:57.786570+00:00
2020-06-22T23:43:01,Villarrica,coh_asc,524435.0,297853.0,4.48766092295504,orange,2026-05-10T07:50:57.786570+00:00
2021-05-26T23:27:36,Planchon-Peteroa,coh_asc,509491.0,218980.0,4.4317978993615705,orange,2026-05-10T07:50:57.786570+00:00
2021-05-30T10:00:42,Lascar,coh_desc,493995.0,126016.0,4.3427037233728685,orange,2026-05-10T07:50:57.786570+00:00
2021-01-23T14:37:29,Nevados de Chillan,swir,19.0,12.5,4.333333333333333,orange,2026-05-10T07:50:57.786570+00:00
2023-05-09T09:58:09,Villarrica,coh_desc,384938.0,269038.0,4.307941629063552,orange,2026-05-10T07:50:57.786570+00:00
2024-02-02T14:37:41,Villarrica,swir,191.0,84.0,4.28,orange,2026-05-10T07:50:57.786570+00:00
2026-02-27T10:01:24,Lascar,coh_desc,411645.0,103131.0,4.263893303849078,orange,2026-05-10T07:50:57.786570+00:00
2026-03-30T09:57:54,Villarrica,coh_desc,450788.0,295378.5,4.2477860383753345,orange,2026-05-10T07:50:57.786570+00:00
2021-03-03T23:27:33,Planchon-Peteroa,coh_asc,514017.0,250925.5,4.242008690674857,orange,2026-05-10T07:50:57.786570+00:00
2023-12-09T14:37:39,Villarrica,swir,99.0,19.0,4.2328042328042335,orange,2026-05-10T07:50:57.786570+00:00
2022-06-02T23:27:42,Planchon-Peteroa,coh_asc,511047.0,168659.0,4.232080392568879,orange,2026-05-10T07:50:57.786570+00:00
2021-06-14T14:27:31,Villarrica,swir,10.0,2.0,4.2105263157894735,orange,2026-05-10T07:50:57.786570+00:00
2022-05-10T14:27:31,Villarrica,swir,10.0,2.0,4.2105263157894735,orange,2026-05-10T07:50:57.786570+00:00
2020-06-28T23:42:19,Villarrica,coh_asc,537534.0,311363.5,4.199268467029958,orange,2026-05-10T07:50:57.786570+00:00
2025-04-28T09:57:42,Llaima,coh_desc,421209.0,296747.0,4.194212578391694,orange,2026-05-10T07:50:57.786570+00:00
2020-05-12T09:57:24,Villarrica,coh_desc,440842.0,311467.0,4.15373057177807,orange,2026-05-10T07:50:57.786570+00:00
2023-01-30T14:27:09,Villarrica,swir,48.0,19.5,4.071428571428571,orange,2026-05-10T07:50:57.786570+00:00
2024-11-04T10:01:42,Lascar,coh_desc,96816.0,27335.5,4.064137810014039,orange,2026-05-10T07:50:57.786570+00:00
2023-06-26T09:57:21,Nevados de Chillan,coh_desc,530619.0,297166.0,4.019438370551471,orange,2026-05-10T07:50:57.786570+00:00
2022-01-08T14:37:29,Lascar,swir,11.0,3.0,4.0,orange,2026-05-10T07:50:57.786570+00:00
2023-02-02T14:37:29,Villarrica,swir,53.0,21.0,4.0,orange,2026-05-10T07:50:57.786570+00:00
2022-05-02T09:58:03,Villarrica,coh_desc,538691.0,318549.0,3.9743997111391947,orange,2026-05-10T07:50:57.786570+00:00
2021-05-01T09:57:06,Villarrica,coh_desc,418494.0,294753.0,3.9707666142540834,orange,2026-05-10T07:50:57.786570+00:00
2021-07-01T23:27:38,Planchon-Peteroa,coh_asc,509577.0,219366.0,3.9586283095306296,orange,2026-05-10T07:50:57.786570+00:00
2021-04-25T09:57:05,Nevados de Chillan,coh_desc,421978.0,235126.0,3.94990011732251,orange,2026-05-10T07:50:57.786570+00:00
2026-05-11T09:56:28,Copahue,coh_desc,492233.0,179545.5,3.949271243811256,orange,2026-06-07T11:31:24.629952+00:00
2021-05-01T09:56:17,Nevados de Chillan,coh_desc,446308.0,236164.0,3.9240378690269453,orange,2026-05-10T07:50:57.786570+00:00
2025-04-21T10:01:35,Lascar,coh_desc,367977.0,89249.0,3.92210058255706,orange,2026-05-10T07:50:57.786570+00:00
2023-06-17T14:37:31,Villarrica,swir,29.0,6.0,3.8983050847457625,orange,2026-05-10T07:50:57.786570+00:00
2026-03-24T09:56:54,Villarrica,coh_desc,405763.0,292043.0,3.893947124224857,orange,2026-05-10T07:50:57.786570+00:00
2020-06-17T09:57:27,Villarrica,coh_desc,517851.0,340540.5,3.8930410249091567,orange,2026-05-10T07:50:57.786570+00:00
2023-02-09T14:27:09,Villarrica,swir,58.0,23.0,3.888888888888889,orange,2026-05-10T07:50:57.786570+00:00
2021-06-12T09:57:32,Copahue,coh_desc,491108.0,139767.0,3.8822638924187007,orange,2026-05-10T07:50:57.786570+00:00
2023-06-14T09:57:46,Llaima,coh_desc,535740.0,256200.5,3.874716714371851,orange,2026-05-10T07:50:57.786570+00:00
2021-05-28T14:37:31,Nevados de Chillan,swir,38.0,15.0,3.8333333333333335,orange,2026-05-10T07:50:57.786570+00:00
2024-06-16T14:37:49,Lascar,swir,2.0,0.1,3.8,orange,2026-05-10T07:50:57.786570+00:00
2025-12-18T14:37:39,Lascar,swir,2.0,0.1,3.8,orange,2026-05-10T07:50:57.786570+00:00
2025-12-23T14:37:51,Lascar,swir,2.0,0.1,3.8,orange,2026-05-10T07:50:57.786570+00:00
2020-10-25T14:37:29,Planchon-Peteroa,swir,2.0,0.1,3.8,orange,2026-05-10T07:50:57.786570+00:00
2020-11-09T14:37:31,Planchon-Peteroa,swir,2.0,0.1,3.8,orange,2026-05-10T07:50:57.786570+00:00
2020-12-29T14:37:31,Planchon-Peteroa,swir,2.0,0.1,3.8,orange,2026-05-10T07:50:57.786570+00:00
2021-01-23T14:37:29,Planchon-Peteroa,swir,2.0,0.1,3.8,orange,2026-05-10T07:50:57.786570+00:00
2021-04-08T14:37:21,Planchon-Peteroa,swir,2.0,0.1,3.8,orange,2026-05-10T07:50:57.786570+00:00
2022-02-24T14:27:29,Planchon-Peteroa,swir,2.0,0.1,3.8,orange,2026-05-10T07:50:57.786570+00:00
2023-01-10T14:27:09,Planchon-Peteroa,swir,2.0,0.1,3.8,orange,2026-05-10T07:50:57.786570+00:00
2023-01-25T14:27:11,Planchon-Peteroa,swir,2.0,0.1,3.8,orange,2026-05-10T07:50:57.786570+00:00
2025-04-14T14:28:11,Planchon-Peteroa,swir,2.0,0.1,3.8,orange,2026-05-10T07:50:57.786570+00:00
2025-11-28T14:37:39,Planchon-Peteroa,swir,2.0,0.1,3.8,orange,2026-05-10T07:50:57.786570+00:00
2023-10-17T14:27:19,Nevados de Chillan,swir,2.0,0.1,3.8,orange,2026-05-10T07:50:57.786570+00:00
2024-04-17T14:37:49,Nevados de Chillan,swir,2.0,0.1,3.8,orange,2026-05-10T07:50:57.786570+00:00
2024-07-01T14:37:51,Nevados de Chillan,swir,2.0,0.1,3.8,orange,2026-05-10T07:50:57.786570+00:00
2024-07-06T14:37:49,Nevados de Chillan,swir,2.0,0.1,3.8,orange,2026-05-10T07:50:57.786570+00:00
2024-07-11T14:37:51,Nevados de Chillan,swir,2.0,0.1,3.8,orange,2026-05-10T07:50:57.786570+00:00
2024-09-14T14:37:39,Nevados de Chillan,swir,2.0,0.1,3.8,orange,2026-05-10T07:50:57.786570+00:00
2024-10-21T14:27:19,Nevados de Chillan,swir,2.0,0.1,3.8,orange,2026-05-10T07:50:57.786570+00:00
2025-07-16T14:38:11,Nevados de Chillan,swir,2.0,0.1,3.8,orange,2026-05-10T07:50:57.786570+00:00
2025-10-21T14:27:21,Nevados de Chillan,swir,2.0,0.1,3.8,orange,2026-05-10T07:50:57.786570+00:00
2021-05-13T14:37:29,Copahue,swir,2.0,0.1,3.8,orange,2026-05-10T07:50:57.786570+00:00
2021-06-12T14:37:29,Copahue,swir,2.0,0.1,3.8,orange,2026-05-10T07:50:57.786570+00:00
2021-08-11T14:37:29,Copahue,swir,2.0,0.1,3.8,orange,2026-05-10T07:50:57.786570+00:00
2023-01-15T14:27:11,Copahue,swir,2.0,0.1,3.8,orange,2026-05-10T07:50:57.786570+00:00
2023-01-20T14:27:09,Copahue,swir,2.0,0.1,3.8,orange,2026-05-10T07:50:57.786570+00:00
2024-10-24T14:37:49,Copahue,swir,2.0,0.1,3.8,orange,2026-05-10T07:50:57.786570+00:00
2024-10-26T14:27:11,Copahue,swir,2.0,0.1,3.8,orange,2026-05-10T07:50:57.786570+00:00
2025-12-15T14:27:09,Copahue,swir,2.0,0.1,3.8,orange,2026-05-10T07:50:57.786570+00:00
2023-02-19T14:27:09,Llaima,swir,2.0,0.1,3.8,orange,2026-05-10T07:50:57.786570+00:00
2023-12-16T14:27:09,Llaima,swir,2.0,0.1,3.8,orange,2026-05-10T07:50:57.786570+00:00
2025-06-08T14:27:09,Llaima,swir,2.0,0.1,3.8,orange,2026-05-10T07:50:57.786570+00:00
2024-07-26T14:37:49,Villarrica,swir,2.0,0.1,3.8,orange,2026-05-10T07:50:57.786570+00:00
2024-12-08T14:37:41,Villarrica,swir,2.0,0.1,3.8,orange,2026-05-10T07:50:57.786570+00:00
2025-03-08T14:38:11,Villarrica,swir,2.0,0.1,3.8,orange,2026-05-10T07:50:57.786570+00:00
2026-02-21T14:37:51,Villarrica,swir,2.0,0.1,3.8,orange,2026-05-10T07:50:57.786570+00:00
2026-05-17T14:37:39,Nevados de Chillan,swir,2.0,0.1,3.8,orange,2026-06-07T11:31:24.629952+00:00
2026-05-14T14:27:09,Villarrica,swir,2.0,0.1,3.8,orange,2026-06-07T11:31:24.629952+00:00
2022-11-29T14:37:31,Villarrica,swir,38.0,8.0,3.7974683544303796,orange,2026-05-10T07:50:57.786570+00:00
2022-05-30T14:27:41,Villarrica,swir,14.0,3.0,3.793103448275862,orange,2026-05-10T07:50:57.786570+00:00
2021-03-09T23:26:51,Planchon-Peteroa,coh_asc,507061.0,264042.0,3.788529292551367,orange,2026-05-10T07:50:57.786570+00:00
2021-11-29T14:37:19,Nevados de Chillan,swir,22.0,7.0,3.75,orange,2026-05-10T07:50:57.786570+00:00
2023-12-11T14:27:11,Villarrica,swir,123.0,26.0,3.7451737451737452,orange,2026-05-10T07:50:57.786570+00:00
2020-06-05T09:57:26,Villarrica,coh_desc,439645.0,319951.5,3.7409888686254007,orange,2026-05-10T07:50:57.786570+00:00
2026-05-22T10:01:35,Lascar,coh_desc,120193.0,38613.0,3.728860042051376,orange,2026-06-07T11:31:24.629952+00:00
2026-02-04T09:56:29,Copahue,coh_desc,301528.0,143540.0,3.7016869728209936,orange,2026-05-10T07:50:57.786570+00:00
2021-04-18T10:01:26,Lascar,coh_desc,210751.0,76202.5,3.6952199167845325,orange,2026-05-10T07:50:57.786570+00:00
2022-03-09T14:37:29,Villarrica,swir,9.0,2.0,3.68421052631579,orange,2026-05-10T07:50:57.786570+00:00
2020-05-30T09:57:02,Villarrica,coh_desc,435949.0,318825.0,3.673614051595703,orange,2026-05-10T07:50:57.786570+00:00
2022-02-12T14:37:31,Lascar,swir,19.0,4.5,3.670886075949367,orange,2026-05-10T07:50:57.786570+00:00
2022-06-02T14:37:41,Lascar,swir,15.0,11.0,3.6363636363636362,orange,2026-05-10T07:50:57.786570+00:00
2024-03-09T10:01:41,Lascar,coh_desc,196784.0,44410.0,3.6289892350195294,orange,2026-05-10T07:50:57.786570+00:00
2020-12-31T14:27:29,Villarrica,swir,18.0,4.0,3.58974358974359,orange,2026-05-10T07:50:57.786570+00:00
2021-01-03T14:37:29,Villarrica,swir,18.0,4.0,3.58974358974359,orange,2026-05-10T07:50:57.786570+00:00
2026-03-31T23:26:46,Planchon-Peteroa,coh_asc,381896.0,198783.0,3.583599980429571,orange,2026-05-10T07:50:57.786570+00:00
2020-10-22T14:27:39,Nevados de Chillan,swir,19.0,14.0,3.571428571428571,orange,2026-05-10T07:50:57.786570+00:00
2023-06-19T14:27:19,Villarrica,swir,27.0,6.0,3.559322033898305,orange,2026-05-10T07:50:57.786570+00:00
2021-07-22T14:37:29,Nevados de Chillan,swir,144.0,41.5,3.5344827586206895,orange,2026-05-10T07:50:57.786570+00:00
2020-06-23T09:57:03,Villarrica,coh_desc,536683.0,346883.0,3.5214664737095998,orange,2026-05-10T07:50:57.786570+00:00
2021-07-12T14:37:29,Nevados de Chillan,swir,120.0,32.0,3.52,orange,2026-05-10T07:50:57.786570+00:00
2021-02-14T14:27:31,Nevados de Chillan,swir,20.0,13.0,3.5,orange,2026-05-10T07:50:57.786570+00:00
2021-02-22T14:37:29,Nevados de Chillan,swir,20.0,13.0,3.5,orange,2026-05-10T07:50:57.786570+00:00
2023-04-15T09:57:43,Copahue,coh_desc,147658.0,89958.0,3.4752755526109738,orange,2026-05-10T07:50:57.786570+00:00
2023-03-03T10:01:37,Lascar,coh_desc,506257.0,157480.0,3.4426370285556356,orange,2026-05-10T07:50:57.786570+00:00
2020-05-05T14:27:29,Villarrica,swir,22.0,10.0,3.4285714285714284,orange,2026-05-10T07:50:57.786570+00:00
2022-12-29T14:37:31,Villarrica,swir,51.0,15.0,3.4285714285714284,orange,2026-05-10T07:50:57.786570+00:00
2021-05-31T09:57:07,Nevados de Chillan,coh_desc,533208.0,301688.0,3.424852071005917,orange,2026-05-10T07:50:57.786570+00:00
2022-01-15T14:27:29,Villarrica,swir,15.0,3.5,3.3823529411764706,orange,2026-05-10T07:50:57.786570+00:00
2022-06-07T14:37:29,Lascar,swir,16.0,11.0,3.3333333333333335,orange,2026-05-10T07:50:57.786570+00:00
2022-05-20T14:27:41,Nevados de Chillan,swir,15.0,5.0,3.3333333333333335,orange,2026-05-10T07:50:57.786570+00:00
2024-02-14T10:01:42,Lascar,coh_desc,180400.0,44410.0,3.3136772338507274,orange,2026-05-10T07:50:57.786570+00:00
2024-05-27T09:57:49,Llaima,coh_desc,537805.0,304818.5,3.3115841091606852,orange,2026-05-10T07:50:57.786570+00:00
2021-06-12T09:57:32,Villarrica,coh_desc,492119.0,319582.0,3.2586737681077302,orange,2026-05-10T07:50:57.786570+00:00
2021-07-29T14:27:29,Nevados de Chillan,swir,155.0,43.5,3.2318840579710146,orange,2026-05-10T07:50:57.786570+00:00
2022-11-27T10:01:40,Lascar,coh_desc,111621.0,31203.0,3.1688076286547404,orange,2026-05-10T07:50:57.786570+00:00
2021-12-06T14:27:29,Villarrica,swir,8.0,2.0,3.1578947368421053,orange,2026-05-10T07:50:57.786570+00:00
2022-05-25T14:27:29,Villarrica,swir,8.0,2.0,3.1578947368421053,orange,2026-05-10T07:50:57.786570+00:00
2022-06-09T14:27:21,Villarrica,swir,8.0,2.0,3.1578947368421053,orange,2026-05-10T07:50:57.786570+00:00
2026-05-28T10:00:36,Lascar,coh_desc,120961.0,38636.5,3.1434762686624156,orange,2026-06-07T11:31:24.629952+00:00
2022-03-21T14:27:31,Nevados de Chillan,swir,16.0,5.0,3.142857142857143,orange,2026-05-10T07:50:57.786570+00:00
2020-05-18T09:57:01,Villarrica,coh_desc,418533.0,318591.0,3.13700010358108,orange,2026-05-10T07:50:57.786570+00:00
2022-02-02T14:37:31,Villarrica,swir,14.0,3.5,3.088235294117647,orange,2026-05-10T07:50:57.786570+00:00
2023-12-24T14:37:41,Villarrica,swir,159.0,39.0,3.084832904884319,orange,2026-05-10T07:50:57.786570+00:00
2021-01-05T14:27:31,Villarrica,swir,16.0,4.0,3.076923076923077,orange,2026-05-10T07:50:57.786570+00:00
2023-05-04T23:27:46,Planchon-Peteroa,coh_asc,501363.0,209313.0,3.061224489795918,orange,2026-05-10T07:50:57.786570+00:00
2023-01-23T14:37:29,Villarrica,swir,45.0,17.5,3.0555555555555554,orange,2026-05-10T07:50:57.786570+00:00
2023-06-04T14:27:21,Villarrica,swir,22.0,5.5,3.0555555555555554,orange,2026-05-10T07:50:57.786570+00:00
2021-01-20T14:27:29,Nevados de Chillan,swir,17.0,12.5,3.0,orange,2026-05-10T07:50:57.786570+00:00
2022-03-01T14:27:31,Nevados de Chillan,swir,22.0,7.0,3.0,orange,2026-05-10T07:50:57.786570+00:00
2021-05-10T14:27:29,Villarrica,swir,10.0,7.0,3.0,orange,2026-05-10T07:50:57.786570+00:00
